tracker_id,stamp_ns,elapsed_s,x_m,y_m,z_m,qw,qx,qy,qz
2,1773181731908062428,0.0,2.432384521484375,0.4766201171875,-2.726720947265625,-0.4649662673473358,0.014375314116477966,-0.8851412534713745,0.01116904616355896
2,1773181732004776923,0.096714495,2.4323764648437503,0.475935546875,-2.7242373046875,-0.46035516262054443,0.01607060432434082,-0.8875832557678223,-0.003305375576019287
2,1773181732101663996,0.193601568,2.4319775390625002,0.47746923828125,-2.7225092773437503,-0.45902374386787415,0.01946130394935608,-0.8882101774215698,0.0011017918586730957
2,1773181732197752750,0.289690322,2.432150146484375,0.476831298828125,-2.723068603515625,-0.45862558484077454,0.01676541566848755,-0.8884685635566711,-0.0022735893726348877
2,1773181732293665494,0.385603066,2.43065673828125,0.47592626953125,-2.721239501953125,-0.4634307026863098,0.013065233826637268,-0.8860254287719727,-0.00452345609664917
2,1773181732390467390,0.482404962,2.432183837890625,0.47681445312500004,-2.723246826171875,-0.46069782972335815,0.013721778988838196,-0.8874510526657104,0.00033736228942871094
2,1773181732487113933,0.579051505,2.433025390625,0.47737548828125,-2.725148681640625,-0.46045058965682983,0.017473161220550537,-0.8874962329864502,0.005525052547454834
2,1773181732583592678,0.67553025,2.431239501953125,0.475944091796875,-2.728119873046875,-0.4707111120223999,0.008824706077575684,-0.8821234703063965,0.014538228511810303
2,1773181732681700397,0.773637969,2.4338056640625,0.47598291015625,-2.726124755859375,-0.4585779309272766,0.017656832933425903,-0.8884785175323486,-0.0007624626159667969
2,1773181732776639330,0.868576902,2.4321025390625,0.47733642578125,-2.721052978515625,-0.45988431572914124,0.016644373536109924,-0.8878228068351746,0.00040787458419799805
2,1773181732873791852,0.965729424,2.43464794921875,0.475120361328125,-2.7279970703125,-0.4567297697067261,0.023136593401432037,-0.8893040418624878,0.0009590983390808105
2,1773181732971298062,1.063235634,2.431807373046875,0.4762421875,-2.72232763671875,-0.4621332883834839,0.012195587158203125,-0.8867255449295044,-0.0014188885688781738
2,1773181733066724046,1.158661618,2.43263720703125,0.4759716796875,-2.7249506835937503,-0.4587485194206238,0.011345282196998596,-0.8884932994842529,0.0009699761867523193
2,1773181733163432849,1.255370421,2.432794189453125,0.477246337890625,-2.72503466796875,-0.45804065465927124,0.018397271633148193,-0.8887394666671753,0.001621544361114502
2,1773181733260575451,1.352513023,2.4311201171875,0.475590087890625,-2.722821533203125,-0.46384483575820923,0.006639227271080017,-0.8858903646469116,0.0015474557876586914
2,1773181733356076093,1.448013665,2.43224267578125,0.47505908203125,-2.7253837890625,-0.4664549231529236,0.009161964058876038,-0.8844965696334839,0.0013210475444793701
2,1773181733453542590,1.545480162,2.432503662109375,0.475774169921875,-2.72154443359375,-0.45887938141822815,0.012683913111686707,-0.888405442237854,-0.0021869540214538574
2,1773181733549516480,1.641454052,2.43520654296875,0.47405883789062503,-2.7302541503906252,-0.4630693197250366,0.02028796821832657,-0.8860881924629211,0.001734614372253418
2,1773181733646015896,1.737953468,2.432399169921875,0.47576293945312503,-2.7247348632812503,-0.46129414439201355,0.013464495539665222,-0.8871442079544067,-0.0012723207473754883
2,1773181733742916011,1.834853583,2.424498291015625,0.47731005859375003,-2.72653564453125,-0.4712870419025421,0.02724437415599823,-0.8815469741821289,0.004600614309310913
2,1773181733840202537,1.932140109,2.40851904296875,0.4720576171875,-2.726625732421875,-0.4590761363506317,0.008407235145568848,-0.8883368968963623,0.005995720624923706
2,1773181733936163547,2.028101119,2.37144091796875,0.47875610351562503,-2.7127937011718752,-0.46038001775741577,0.025900714099407196,-0.8873090147972107,0.007894933223724365
2,1773181734032710584,2.124648156,2.326783935546875,0.4763798828125,-2.706026611328125,-0.4636255204677582,0.022711046040058136,-0.88570636510849,0.007735490798950195
2,1773181734129834509,2.221772081,2.279745361328125,0.47414453125,-2.697943603515625,-0.45267611742019653,0.025574341416358948,-0.8913040161132812,0.0027632713317871094
2,1773181734226244780,2.318182352,2.224363037109375,0.47224633789062503,-2.69198779296875,-0.4582187235355377,0.019857801496982574,-0.8885666728019714,0.009522080421447754
2,1773181734322820515,2.414758087,2.1738154296875,0.466109130859375,-2.6841943359375002,-0.4420153796672821,-0.0012889057397842407,-0.8970060348510742,0.0010741353034973145
2,1773181734420326997,2.512264569,2.11647119140625,0.466021728515625,-2.67173828125,-0.4397910237312317,0.008248522877693176,-0.8980541229248047,-0.0038376152515411377
2,1773181734515553772,2.607491344,2.062056884765625,0.4665732421875,-2.6615634765625003,-0.43293750286102295,-0.001688927412033081,-0.9013738632202148,0.009360849857330322
2,1773181734612666977,2.704604549,2.01002392578125,0.46594140625,-2.6520107421875,-0.42511793971061707,0.007112458348274231,-0.9051082730293274,-0.0018034577369689941
2,1773181734709528830,2.801466402,1.9567910156250001,0.467120361328125,-2.6436904296875,-0.4358598589897156,-0.001819610595703125,-0.8998939394950867,0.014627158641815186
2,1773181734806171811,2.898109383,1.9187012939453125,0.46663427734375,-2.63306298828125,-0.410631000995636,0.00661817193031311,-0.9117698669433594,-0.0037683844566345215
2,1773181734902918328,2.9948559,1.8819681396484376,0.46739428710937503,-2.6269128417968752,-0.41095733642578125,0.004865884780883789,-0.9116407632827759,-0.0013036131858825684
2,1773181734998512651,3.090450223,1.85756689453125,0.466329833984375,-2.628461669921875,-0.4088832139968872,0.005316615104675293,-0.9125670790672302,0.0027638375759124756
2,1773181735095530323,3.187467895,1.8450181884765626,0.4621455078125,-2.63121826171875,-0.4011536240577698,-0.00794193148612976,-0.9159549474716187,0.006272405385971069
2,1773181735192643835,3.284581407,1.832672119140625,0.467033935546875,-2.625927490234375,-0.40879911184310913,0.010708451271057129,-0.9125611186027527,-0.0009558498859405518
2,1773181735288713150,3.380650722,1.8350487060546876,0.46175292968750004,-2.631658935546875,-0.40505948662757874,-0.0016602128744125366,-0.9142889380455017,0.00024130940437316895
2,1773181735385215573,3.477153145,1.836712158203125,0.46272705078125,-2.63480126953125,-0.40216270089149475,0.00350402295589447,-0.9155601263046265,0.0016429424285888672
2,1773181735481812504,3.573750076,1.8317073974609375,0.46692431640625,-2.628323486328125,-0.41031402349472046,0.010614916682243347,-0.9118781089782715,0.002849400043487549
2,1773181735578641455,3.670579027,1.8327880859375,0.46668115234375,-2.626300537109375,-0.407513290643692,0.006391748785972595,-0.9131746292114258,-0.0020430386066436768
2,1773181735674170246,3.766107818,1.83443115234375,0.4655830078125,-2.626931884765625,-0.4027787446975708,-0.004667550325393677,-0.9152848720550537,0.0011734962463378906
2,1773181735771221217,3.863158789,1.835587890625,0.465007080078125,-2.62857275390625,-0.3992019295692444,-0.004312098026275635,-0.9168390035629272,0.005063295364379883
2,1773181735867252240,3.959189812,1.832745361328125,0.46536328125,-2.631933349609375,-0.3998027443885803,0.00623871386051178,-0.9165688753128052,0.004526883363723755
2,1773181735963946337,4.055883909,1.8344930419921874,0.466591552734375,-2.6270029296875,-0.4018578827381134,0.001588180661201477,-0.9157001376152039,0.0010646283626556396
2,1773181736060591070,4.152528642,1.83312451171875,0.468953125,-2.628962158203125,-0.41204404830932617,0.0035148561000823975,-0.910971999168396,0.018374204635620117
2,1773181736157561451,4.249499023,1.836729248046875,0.46337280273437503,-2.6285629882812502,-0.39420491456985474,-0.006667718291282654,-0.9189878702163696,-0.004430890083312988
2,1773181736254290847,4.346228419,1.8346804199218751,0.46520141601562504,-2.628116943359375,-0.401757150888443,-0.001012653112411499,-0.9157427549362183,0.002337038516998291
2,1773181736351134721,4.443072293,1.836400390625,0.463529052734375,-2.63419921875,-0.4001768231391907,0.0048847496509552,-0.9164074659347534,0.00568389892578125
2,1773181736447736840,4.539674412,1.833439208984375,0.465504638671875,-2.626029541015625,-0.4035579264163971,-0.0025076866149902344,-0.9149494171142578,-0.0015394091606140137
2,1773181736543498274,4.635435846,1.833181396484375,0.466636962890625,-2.62719091796875,-0.4038268029689789,-0.0005422085523605347,-0.9148234128952026,0.004675507545471191
2,1773181736640814146,4.732751718,1.8338551025390626,0.464688232421875,-2.6241240234375,-0.3999517858028412,-0.013664782047271729,-0.9164333939552307,-0.0013312697410583496
2,1773181736737161786,4.829099358,1.835949951171875,0.462782470703125,-2.63478515625,-0.3937232196331024,0.0008928030729293823,-0.9192066788673401,0.0063665807247161865
2,1773181736835396459,4.927334031,1.834936279296875,0.466452392578125,-2.633237548828125,-0.3985116183757782,0.010481908917427063,-0.917048990726471,0.00999179482460022
2,1773181736931079608,5.02301718,1.8355330810546875,0.465216064453125,-2.6297568359375,-0.398251473903656,-0.002029895782470703,-0.9172540903091431,0.006050974130630493
2,1773181737027159993,5.119097565,1.8370941162109375,0.46301318359375,-2.632590087890625,-0.4005546569824219,0.006637632846832275,-0.9162197709083557,-0.007300734519958496
2,1773181737123312809,5.215250381,1.835041015625,0.4629521484375,-2.626718505859375,-0.39993974566459656,-0.012568444013595581,-0.9164519906044006,-0.0024510324001312256
2,1773181737220441833,5.312379405,1.833549560546875,0.4659462890625,-2.629158447265625,-0.40364518761634827,0.007092773914337158,-0.9148874282836914,-0.0011866390705108643
2,1773181737317262114,5.409199686,1.8336502685546876,0.466021728515625,-2.62514013671875,-0.3990457355976105,-0.00022141635417938232,-0.9169273972511292,-0.0025997161865234375
2,1773181737413398403,5.505335975,1.8342725830078126,0.465687744140625,-2.629536865234375,-0.40179985761642456,0.007135540246963501,-0.9156997203826904,-0.0003015100955963135
2,1773181737533039691,5.624977263,1.83629931640625,0.46382177734375,-2.63207080078125,-0.38856109976768494,-0.011911660432815552,-0.9212626218795776,0.012397438287734985
2,1773181737607054306,5.698991878,1.8346697998046875,0.46504296875,-2.6298359375,-0.39856991171836853,0.001614883542060852,-0.9171285033226013,0.0038608908653259277
2,1773181737703879746,5.795817318,1.8336123046875001,0.466885009765625,-2.63576220703125,-0.40596193075180054,0.009597793221473694,-0.9135943651199341,0.02117133140563965
2,1773181737799759537,5.891697109,1.836092529296875,0.46288037109375,-2.6296813964843753,-0.3940829634666443,-0.004923895001411438,-0.9190616607666016,-0.00030112266540527344
2,1773181737896039012,5.987976584,1.8332845458984375,0.467370361328125,-2.62734033203125,-0.401674747467041,0.01288411021232605,-0.9156898260116577,0.0019324421882629395
2,1773181737993014725,6.084952297,1.833515625,0.467132568359375,-2.63263427734375,-0.40620702505111694,0.01624758541584015,-0.9136103391647339,0.006950706243515015
2,1773181738089336951,6.181274523,1.831521484375,0.46616162109375003,-2.635761962890625,-0.4088689684867859,0.021125540137290955,-0.9123013019561768,0.009286373853683472
2,1773181738186236166,6.278173738,1.834276611328125,0.46375830078125,-2.628803955078125,-0.3948110044002533,-0.00825144350528717,-0.9187192320823669,0.0033578872680664062
2,1773181738283082612,6.375020184,1.832032470703125,0.465047607421875,-2.6325654296875,-0.40569713711738586,0.010959535837173462,-0.913906455039978,0.008048683404922485
2,1773181738380138838,6.47207641,1.8317027587890626,0.46743627929687503,-2.6298579101562503,-0.40761250257492065,0.02125737816095352,-0.9129056334495544,0.0019016563892364502
2,1773181738480791640,6.572729212,1.832214111328125,0.466939453125,-2.6285634765625,-0.4035520553588867,0.01477910578250885,-0.9148350954055786,0.002054572105407715
2,1773181738573587767,6.665525339,1.8410679931640626,0.456047119140625,-2.6320029296875003,-0.3799999952316284,-0.03792881965637207,-0.9242063760757446,-0.0020158886909484863
2,1773181738669717631,6.761655203,1.838228759765625,0.46085205078125,-2.63259765625,-0.3959280550479889,-0.004914596676826477,-0.9182280898094177,-0.008606433868408203
2,1773181738766392021,6.858329593,1.8342587890625,0.463186279296875,-2.626792236328125,-0.39808860421180725,-0.01006878912448883,-0.9172802567481995,-0.004607677459716797
2,1773181738865547455,6.957485027,1.83141259765625,0.467594970703125,-2.62718896484375,-0.4056532382965088,0.014032572507858276,-0.9139145016670227,-0.00298270583152771
2,1773181738958987959,7.050925531,1.837450439453125,0.45998071289062503,-2.6298916015625,-0.3871588110923767,-0.021099284291267395,-0.9217716455459595,-0.0004290640354156494
2,1773181739056366008,7.14830358,1.834093505859375,0.465853759765625,-2.627436279296875,-0.3988654911518097,0.003740951418876648,-0.9170018434524536,-0.00030100345611572266
2,1773181739153053846,7.244991418,1.8313266601562501,0.4663837890625,-2.624731201171875,-0.4035052955150604,0.0011471956968307495,-0.9149765968322754,0.0004158616065979004
2,1773181739249580985,7.341518557,1.838539306640625,0.45913623046875,-2.62923974609375,-0.3818393051624298,-0.027723491191864014,-0.9238115549087524,-0.0016068816184997559
2,1773181739346299587,7.438237159,1.8356505126953124,0.4653525390625,-2.6294719238281252,-0.40365469455718994,-0.011998236179351807,-0.9147325754165649,0.013545423746109009
2,1773181739442456799,7.534394371,1.836625244140625,0.46303271484375,-2.632758056640625,-0.3900800347328186,0.0009783357381820679,-0.9207786917686462,0.001800537109375
2,1773181739539955034,7.631892606,1.83040771484375,0.468616455078125,-2.62936279296875,-0.41043350100517273,0.020700782537460327,-0.9116316437721252,0.006605356931686401
2,1773181739635387250,7.727324822,1.8349041748046875,0.46445288085937503,-2.62924658203125,-0.3993086516857147,0.005932360887527466,-0.9167897701263428,-0.003731667995452881
2,1773181739732393408,7.82433098,1.833221435546875,0.465019775390625,-2.628485107421875,-0.40477466583251953,0.0016490072011947632,-0.914413332939148,0.0017223954200744629
2,1773181739829024758,7.92096233,1.832802734375,0.46517919921875,-2.625115478515625,-0.4008527100086212,-0.0066162943840026855,-0.9161182641983032,0.0008521974086761475
2,1773181739927490422,8.019427994,1.82851220703125,0.469312255859375,-2.62683349609375,-0.4142835736274719,0.01918068528175354,-0.909936249256134,0.004151016473770142
2,1773181740022561655,8.114499227,1.834475830078125,0.46394873046875,-2.6260703125,-0.3986015021800995,-0.005188703536987305,-0.917106032371521,-0.002553999423980713
2,1773181740119023788,8.21096136,1.83491943359375,0.46434375,-2.629481201171875,-0.39853665232658386,-0.003630995750427246,-0.9171391725540161,0.0033301115036010742
2,1773181740215082894,8.307020466,1.8340941162109374,0.465718505859375,-2.6290141601562502,-0.4000050127506256,0.004360780119895935,-0.9164966344833374,0.003329336643218994
2,1773181740311894788,8.40383236,1.835834228515625,0.4625947265625,-2.6322041015625,-0.4049926996231079,0.0070863813161849976,-0.9142744541168213,-0.005752116441726685
2,1773181740409141290,8.501078862,1.834659423828125,0.46330957031250003,-2.62928369140625,-0.39880508184432983,-0.0046179890632629395,-0.9170234799385071,0.0010731220245361328
2,1773181740506746856,8.598684428,1.835277099609375,0.464545166015625,-2.632131103515625,-0.3977014720439911,0.005472913384437561,-0.9174857139587402,0.00485837459564209
2,1773181740601623691,8.693561263,1.834841064453125,0.463056640625,-2.633258056640625,-0.39437752962112427,0.0014944374561309814,-0.9189020395278931,0.009133070707321167
2,1773181740698069551,8.790007123,1.83316015625,0.46601171875,-2.6264748535156253,-0.4016568064689636,0.00521455705165863,-0.9157739877700806,-0.0016406476497650146
2,1773181740795531831,8.887469403,1.83276904296875,0.464592041015625,-2.626329345703125,-0.3998444676399231,-0.004848778247833252,-0.916570246219635,0.0001398324966430664
2,1773181740892422094,8.984359666,1.8289227294921875,0.469275146484375,-2.62528369140625,-0.41032347083091736,0.02117563784122467,-0.9116889238357544,-0.003087759017944336
2,1773181740988641580,9.080579152,1.8352613525390626,0.46523657226562504,-2.6352216796875,-0.40011316537857056,-0.001811191439628601,-0.9161597490310669,0.023614555597305298
2,1773181741085327279,9.177264851,1.8332165527343751,0.46569482421875,-2.627583740234375,-0.40195268392562866,0.007268950343132019,-0.9156315326690674,0.00040730834007263184
2,1773181741182084044,9.274021616,1.8327741699218751,0.46614282226562503,-2.625392333984375,-0.40277475118637085,0.006541728973388672,-0.9152745008468628,-0.0015569031238555908
2,1773181741278139308,9.37007688,1.8349686279296875,0.46342041015625,-2.631709228515625,-0.40081387758255005,0.004494786262512207,-0.9161444902420044,0.0027351975440979004
2,1773181741374721142,9.466658714,1.8334393310546875,0.464416015625,-2.629626953125,-0.4036388397216797,0.0013895928859710693,-0.9149119853973389,0.0031554698944091797
2,1773181741471016534,9.562954106,1.831705810546875,0.46649023437500003,-2.6247070312500003,-0.40504392981529236,0.0013087838888168335,-0.9142798185348511,0.005507767200469971
2,1773181741567694040,9.659631612,1.8335814208984376,0.464053955078125,-2.629919189453125,-0.4018414318561554,-0.002276986837387085,-0.9156768321990967,0.00737762451171875
2,1773181741664683754,9.756621326,1.8382978515625001,0.459851806640625,-2.631642333984375,-0.3868418037891388,-0.01657409965991974,-0.9219858646392822,0.004576325416564941
2,1773181741762009953,9.853947525,1.837661865234375,0.46084423828125,-2.635015869140625,-0.38811254501342773,-0.012217998504638672,-0.921500563621521,0.007496654987335205
2,1773181741858116805,9.950054377,1.83294921875,0.46657275390625,-2.6267265625,-0.40383532643318176,0.0036012977361679077,-0.9148170351982117,0.0037526190280914307
2,1773181741954888185,10.046825757,1.834712646484375,0.463259521484375,-2.6323017578125,-0.4079698622226715,0.011767745018005371,-0.9129067063331604,-0.004851251840591431
2,1773181742052877058,10.14481463,1.839486083984375,0.45850390625,-2.633716796875,-0.38342970609664917,-0.031876444816589355,-0.9229624271392822,0.01029178500175476
2,1773181742147765743,10.239703315,1.834214111328125,0.4654697265625,-2.628469482421875,-0.3988600969314575,0.002983197569847107,-0.9170022010803223,0.002962857484817505
2,1773181742244829956,10.336767528,1.8372152099609376,0.46063671875,-2.631572998046875,-0.3884521722793579,-0.01920171082019806,-0.9212278127670288,0.008689671754837036
2,1773181742340630366,10.432567938,1.8330106201171876,0.4655078125,-2.626188232421875,-0.4039163291454315,0.003782123327255249,-0.9147859811782837,-0.002011239528656006
2,1773181742437296304,10.529233876,1.835859130859375,0.46213110351562503,-2.632498779296875,-0.390934020280838,-0.01427564024925232,-0.9202346801757812,0.01162216067314148
2,1773181742534807152,10.626744724,1.8342025146484375,0.464801025390625,-2.62666552734375,-0.39958977699279785,-0.0010967254638671875,-0.9166927337646484,-0.0011582374572753906
2,1773181742631329559,10.723267131,1.8345274658203126,0.466177001953125,-2.6301325683593753,-0.40483176708221436,-0.003161817789077759,-0.9142543077468872,0.015507519245147705
2,1773181742727405820,10.819343392,1.8318410644531251,0.467313232421875,-2.62905908203125,-0.4035871624946594,0.01777327060699463,-0.9147682189941406,0.0008269548416137695
2,1773181742824259121,10.916196693,1.8415207519531251,0.45840185546875,-2.635754150390625,-0.3808426856994629,-0.026196956634521484,-0.9241902232170105,0.012049108743667603
2,1773181742920932099,11.012869671,1.8367207031250001,0.464463134765625,-2.63877490234375,-0.39367637038230896,0.018363118171691895,-0.9190195202827454,0.00921359658241272
2,1773181743017036869,11.108974441,1.833016845703125,0.46458056640625,-2.627140625,-0.4013751149177551,-0.004924073815345764,-0.9158966541290283,-0.002681732177734375
2,1773181743114409799,11.206347371,1.8327163085937501,0.46468603515625,-2.6247392578125,-0.40085285902023315,-0.009926483035087585,-0.9160885810852051,0.0005955100059509277
2,1773181743210794233,11.302731805,1.834105224609375,0.462874267578125,-2.6336616210937502,-0.3983116149902344,-0.0016210079193115234,-0.9172019958496094,0.009268224239349365
2,1773181743307081098,11.39901867,1.834601318359375,0.464735595703125,-2.62675439453125,-0.40046218037605286,-0.0019601285457611084,-0.9163112640380859,-0.0001971423625946045
2,1773181743404231333,11.496168905,1.8335899658203125,0.46365380859375,-2.6292841796875,-0.4000912308692932,-0.002994939684867859,-0.9164696931838989,-0.0011692047119140625
2,1773181743500478147,11.592415719,1.8341580810546876,0.464077392578125,-2.6257529296875,-0.39992713928222656,-0.007904797792434692,-0.9165023565292358,-0.004410356283187866
2,1773181743597116004,11.689053576,1.840348876953125,0.4574306640625,-2.637120361328125,-0.3905501961708069,-0.01570633053779602,-0.9204415082931519,-0.0033948421478271484
2,1773181743693813530,11.785751102,1.832219970703125,0.46538037109375,-2.62515283203125,-0.4051917493343353,-0.0004789382219314575,-0.9142257571220398,-0.003283768892288208
2,1773181743789987944,11.881925516,1.831302490234375,0.465752197265625,-2.6262470703125,-0.4085131585597992,0.006324246525764465,-0.9127206206321716,-0.004261821508407593
2,1773181743886741187,11.978678759,1.8371209716796875,0.4605947265625,-2.630118408203125,-0.3892543315887451,-0.018387824296951294,-0.9209433794021606,0.002519458532333374
2,1773181743983369875,12.075307447,1.83523486328125,0.4636220703125,-2.6265991210937503,-0.3977678418159485,-0.006486088037490845,-0.9174591302871704,-0.0027343332767486572
2,1773181744079970597,12.171908169,1.83195361328125,0.4652216796875,-2.6253828125000003,-0.4017063081264496,-0.003090217709541321,-0.9157631397247314,-0.0006693899631500244
2,1773181744177009291,12.268946863,1.834933349609375,0.464037841796875,-2.630822021484375,-0.39803704619407654,0.0005628019571304321,-0.9173612594604492,0.0038237571716308594
2,1773181744274085072,12.366022644,1.835097412109375,0.465421142578125,-2.630395751953125,-0.40422749519348145,-0.008391544222831726,-0.9144769906997681,0.01617833971977234
2,1773181744370549070,12.462486642,1.83341259765625,0.46590234375,-2.627985107421875,-0.4004240036010742,0.007498994469642639,-0.9162991046905518,-0.0006592869758605957
2,1773181744466695498,12.55863307,1.831989013671875,0.46652880859375,-2.6238220214843753,-0.40359219908714294,0.002219587564468384,-0.9149363040924072,-0.0003936886787414551
2,1773181744563104395,12.655041967,1.8344035644531251,0.46477783203125,-2.629847900390625,-0.4018632173538208,0.0050038546323776245,-0.9156765937805176,0.004171192646026611
2,1773181744659711417,12.751648989,1.83289013671875,0.464837890625,-2.6271533203125,-0.4052416980266571,-0.0007160753011703491,-0.9142090082168579,0.0008149445056915283
2,1773181744756043798,12.84798137,1.83252099609375,0.465916015625,-2.625362060546875,-0.4016130268573761,-0.002945646643638611,-0.9157986640930176,0.0033346712589263916
2,1773181744853190311,12.945127883,1.832695068359375,0.46514062500000003,-2.628539306640625,-0.40405896306037903,0.0005002319812774658,-0.9147136807441711,0.005929738283157349
2,1773181744949980888,13.04191846,1.83624462890625,0.46185302734375,-2.630953125,-0.39247846603393555,-0.007264643907546997,-0.9197236895561218,0.004051625728607178
2,1773181745047969753,13.139907325,1.83147265625,0.46724267578125,-2.62808203125,-0.4051983654499054,0.013097316026687622,-0.9141275882720947,0.0036879777908325195
2,1773181745142449175,13.234386747,1.8387352294921875,0.458570556640625,-2.632315185546875,-0.385638952255249,-0.024532482028007507,-0.9223146438598633,0.004082322120666504
2,1773181745239702433,13.331640005,1.8308553466796875,0.464494140625,-2.62806103515625,-0.405704528093338,-0.004876047372817993,-0.9139416217803955,0.00953531265258789
2,1773181745335466671,13.427404243,1.8242762451171874,0.456433837890625,-2.632987548828125,-0.38323625922203064,-0.033776044845581055,-0.9230183959007263,0.005127429962158203
2,1773181745432109522,13.524047094,1.7947307128906251,0.461314453125,-2.623126953125,-0.39670681953430176,-0.009390294551849365,-0.9178849458694458,-0.00478285551071167
2,1773181745529321458,13.62125903,1.7609091796875,0.461278076171875,-2.625801513671875,-0.38944610953330994,-0.00557960569858551,-0.921018660068512,0.005035877227783203
2,1773181745626261913,13.718199485,1.7207845458984374,0.45830468750000003,-2.6239614257812502,-0.3862368166446686,-0.017917051911354065,-0.9221998453140259,0.006902635097503662
2,1773181745721899100,13.813836672,1.674107177734375,0.455685791015625,-2.6198720703125002,-0.37956923246383667,-0.029749378561973572,-0.924682080745697,0.002315819263458252
2,1773181745818421391,13.910358963,1.6212572021484375,0.457488037109375,-2.614453369140625,-0.38617071509361267,-0.025876596570014954,-0.9220292568206787,0.00805199146270752
2,1773181745915533760,14.007471332,1.566864501953125,0.459716064453125,-2.61485498046875,-0.39351290464401245,-0.013407647609710693,-0.919035792350769,0.018471240997314453
2,1773181746012186182,14.104123754,1.514007568359375,0.4578037109375,-2.613718017578125,-0.38625621795654297,-0.0030535608530044556,-0.9223384261131287,0.009425461292266846
2,1773181746108273555,14.200211127,1.468099365234375,0.45293359375000003,-2.605451416015625,-0.3805556297302246,-0.040106117725372314,-0.923880398273468,0.003730982542037964
2,1773181746205514670,14.297452242,1.41688623046875,0.457814697265625,-2.6076845703125002,-0.3908233940601349,-0.008684933185577393,-0.9202437996864319,0.018252521753311157
2,1773181746301428252,14.393365824,1.36648095703125,0.45696826171875,-2.6029208984375,-0.3839963972568512,-0.010982796549797058,-0.9231786727905273,0.012939542531967163
2,1773181746398587815,14.490525387,1.309392333984375,0.458808837890625,-2.597392333984375,-0.3811177611351013,-0.00634707510471344,-0.9243319034576416,0.017876356840133667
2,1773181746494668146,14.586605718,1.246882080078125,0.4590693359375,-2.5925959472656253,-0.3819049000740051,-0.0004923790693283081,-0.9240963459014893,0.013944178819656372
2,1773181746591091560,14.683029132,1.1810677490234376,0.45969482421875,-2.587385498046875,-0.374409019947052,-0.003361612558364868,-0.9271036982536316,0.01689094305038452
2,1773181746687300353,14.779237925,1.11407470703125,0.45898779296875003,-2.584578857421875,-0.36808276176452637,-0.004723578691482544,-0.9296432137489319,0.016011357307434082
2,1773181746784420532,14.876358104,1.047392822265625,0.45902099609375,-2.579116455078125,-0.363036572933197,-0.0006360411643981934,-0.9316580295562744,0.014749616384506226
2,1773181746881491763,14.973429335,0.977642822265625,0.459846435546875,-2.571025146484375,-0.3603532314300537,-0.001970157027244568,-0.932700514793396,0.014546334743499756
2,1773181746977141335,15.069078907,0.9088633422851563,0.4600263671875,-2.565375,-0.35415300726890564,-0.0007685720920562744,-0.9351100921630859,0.012014240026473999
2,1773181747073446268,15.16538384,0.8396830444335938,0.45905078125,-2.5584853515625,-0.3508099317550659,-0.0004938691854476929,-0.9363341331481934,0.014513731002807617
2,1773181747170271320,15.262208892,0.770759765625,0.45717236328125,-2.5565126953125,-0.35649460554122925,0.0037620216608047485,-0.9342102408409119,0.01220056414604187
2,1773181747267396131,15.359333703,0.702009033203125,0.456091552734375,-2.54818896484375,-0.35613879561424255,0.005356386303901672,-0.9342799186706543,0.016051679849624634
2,1773181747363784249,15.455721821,0.633360107421875,0.455765625,-2.54181005859375,-0.3554858863353729,0.0013485252857208252,-0.934465765953064,0.020044028759002686
2,1773181747460204337,15.552141909,0.5646666259765625,0.4544033203125,-2.5349228515625,-0.34877902269363403,0.00022339820861816406,-0.9369454383850098,0.02205425500869751
2,1773181747556725633,15.648663205,0.4961038818359375,0.455068359375,-2.523458984375,-0.3437909185886383,-0.0016640424728393555,-0.9387773275375366,0.022411614656448364
2,1773181747653504032,15.745441604,0.4240057373046875,0.45307568359375,-2.5147109375,-0.3297167718410492,-0.0012943893671035767,-0.9438259601593018,0.02185782790184021
2,1773181747750446324,15.842383896,0.354179931640625,0.455017578125,-2.499993408203125,-0.3267573416233063,-0.0045535266399383545,-0.9447782039642334,0.02456068992614746
2,1773181747846788681,15.938726253,0.2849102783203125,0.4544326171875,-2.488989501953125,-0.31370308995246887,-0.003018319606781006,-0.9492563009262085,0.02222612500190735
2,1773181747943346683,16.035284255,0.214738037109375,0.454404541015625,-2.4740590820312502,-0.30002883076667786,-0.0025234073400497437,-0.9537814855575562,0.016653984785079956
2,1773181748039207004,16.131144576,0.14664807128906251,0.453767333984375,-2.45562744140625,-0.2786569595336914,0.0007961392402648926,-0.9603471755981445,0.00912177562713623
2,1773181748136386569,16.228324141,0.07675341796875,0.4518759765625,-2.440169921875,-0.2628306746482849,-0.0018475651741027832,-0.9647361636161804,0.01416867971420288
2,1773181748233487057,16.325424629,0.0077388916015625,0.451071533203125,-2.41852392578125,-0.24096177518367767,-0.0011478960514068604,-0.9704171419143677,0.01506274938583374
2,1773181748328921698,16.42085927,-0.059338623046875004,0.44932958984375,-2.395534912109375,-0.22091563045978546,-0.006065621972084045,-0.9750950336456299,0.018686920404434204
2,1773181748426014532,16.517952104,-0.1254285888671875,0.44846875,-2.368953125,-0.20250724256038666,-0.0053157806396484375,-0.9789941310882568,0.023088008165359497
2,1773181748522015481,16.613953053,-0.19057580566406251,0.448783935546875,-2.33850634765625,-0.18700039386749268,-0.011166960000991821,-0.9817256927490234,0.03348097205162048
2,1773181748619229670,16.711167242,-0.2548623046875,0.449468017578125,-2.307626708984375,-0.1614372432231903,-0.011415824294090271,-0.9864082336425781,0.028401732444763184
2,1773181748716070850,16.808008422,-0.31859912109375,0.449864990234375,-2.275105712890625,-0.1407645046710968,-0.0061792731285095215,-0.9897886514663696,0.021580934524536133
2,1773181748812799664,16.904737236,-0.383828125,0.45045214843750003,-2.23846826171875,-0.12052848190069199,-0.011614903807640076,-0.9924046993255615,0.021704763174057007
2,1773181748908827149,17.000764721,-0.4461669921875,0.449970703125,-2.203806884765625,-0.09925252944231033,-0.006955191493034363,-0.9948511123657227,0.019289344549179077
2,1773181749005684620,17.097622192,-0.5083154296875,0.45062353515625003,-2.164041259765625,-0.08592961728572845,-0.0035891979932785034,-0.9960688352584839,0.021220892667770386
2,1773181749102410688,17.19434826,-0.572470703125,0.4488681640625,-2.1304892578125,-0.07088296115398407,-0.008484765887260437,-0.997382640838623,0.011474132537841797
2,1773181749198284756,17.290222328,-0.634896240234375,0.449615234375,-2.091081787109375,-0.06309492886066437,-0.0047089457511901855,-0.9979256987571716,0.011892110109329224
2,1773181749295048004,17.386985576,-0.69693310546875,0.446972900390625,-2.0507763671875,-0.06732860207557678,0.002644762396812439,-0.9975006580352783,0.02126830816268921
2,1773181749391919052,17.483856624,-0.762689453125,0.44431127929687503,-2.0123955078125,-0.037932395935058594,0.00022189319133758545,-0.9991376996040344,0.01688164472579956
2,1773181749488321887,17.580259459,-0.818094970703125,0.44560986328125,-1.96934375,-0.04445551335811615,0.005506053566932678,-0.998702347278595,0.024232983589172363
2,1773181749584887448,17.67682502,-0.87569287109375,0.44732470703125,-1.924049072265625,-0.02569270133972168,0.000424310564994812,-0.9995386600494385,0.016190320253372192
2,1773181749680904909,17.772842481,-0.9299995117187501,0.44595166015625,-1.8748984375,-0.006781727075576782,0.012319937348365784,-0.9998544454574585,0.00966307520866394
2,1773181749778026711,17.869964283,-0.98324658203125,0.44892578125,-1.833479736328125,-0.0038337409496307373,0.007916897535324097,-0.9997926354408264,0.018367499113082886
2,1773181749874065264,17.966002836,-1.03735791015625,0.44860498046875,-1.778956787109375,0.018336236476898193,0.008230745792388916,-0.9995795488357544,0.020902365446090698
2,1773181749970262622,18.062200194,-1.0884755859375,0.44523583984375004,-1.72990966796875,0.03785806894302368,0.012977361679077148,-0.9987010955810547,0.03153952956199646
2,1773181750067297468,18.15923504,-1.13714013671875,0.4485380859375,-1.677710693359375,0.06830412149429321,0.006995990872383118,-0.9974402189254761,0.019965559244155884
2,1773181750164221569,18.256159141,-1.179155029296875,0.449307861328125,-1.629150634765625,0.085052490234375,0.009001940488815308,-0.9961360692977905,0.019953548908233643
2,1773181750260214688,18.35215226,-1.2130439453125,0.4517724609375,-1.5737343750000001,0.11686170101165771,0.010514117777347565,-0.9927064180374146,0.027690887451171875
2,1773181750357695075,18.449632647,-1.2458984375,0.45038720703125,-1.52119189453125,0.1602066606283188,0.0056186094880104065,-0.9866579174995422,0.028433650732040405
2,1773181750454092678,18.54603025,-1.26155859375,0.44184765625,-1.46843603515625,0.15035559237003326,0.02396901696920395,-0.9866482615470886,0.05782708525657654
2,1773181750549715350,18.641652922,-1.28564794921875,0.459217041015625,-1.4031195068359374,0.21420754492282867,0.0008502006530761719,-0.976514458656311,0.023110657930374146
2,1773181750690300842,18.782238414,-1.29603369140625,0.43251806640625,-1.353805908203125,0.20301635563373566,0.039082467555999756,-0.9750314950942993,0.08105844259262085
2,1773181750743899048,18.83583662,-1.31157080078125,0.4354345703125,-1.3022017822265626,0.2248755842447281,0.03793409466743469,-0.9715553522109985,0.06381413340568542
2,1773181750840733726,18.932671298,-1.318865478515625,0.43455126953125,-1.2387880859375,0.25013840198516846,0.0437028631567955,-0.9644629955291748,0.07302141189575195
2,1773181750936864753,19.028802325,-1.323351318359375,0.43611328125,-1.1802437744140626,0.27103346586227417,0.04634116590023041,-0.9588236808776855,0.07106748223304749
2,1773181751033576850,19.125514422,-1.33041357421875,0.446816650390625,-1.1182376708984376,0.30597901344299316,0.034414924681186676,-0.9502735137939453,0.046615779399871826
2,1773181751129503279,19.221440851,-1.326298095703125,0.461515625,-1.033149169921875,0.3475549519062042,0.02046496421098709,-0.9345353841781616,0.07369226217269897
2,1773181751226010886,19.317948458,-1.329284912109375,0.449878662109375,-0.9978168334960937,0.3381614089012146,0.041159339249134064,-0.9389237761497498,0.048733144998550415
2,1773181751322731281,19.414668853,-1.30629931640625,0.469441650390625,-0.9237168579101562,0.38555246591567993,0.015211604535579681,-0.922141969203949,0.027785062789916992
2,1773181751419340727,19.511278299,-1.296545654296875,0.46093798828125,-0.8912510375976562,0.36395418643951416,0.045742809772491455,-0.9302113056182861,0.012323558330535889
2,1773181751516554122,19.608491694,-1.290990478515625,0.474213134765625,-0.8194089965820313,0.40810662508010864,0.01520305871963501,-0.9127898812294006,-0.00570148229598999
2,1773181751612567858,19.70450543,-1.276718017578125,0.472317138671875,-0.7507001953125,0.42858582735061646,0.01992223411798477,-0.9032812118530273,-0.0007456541061401367
2,1773181751709220270,19.801157842,-1.264177490234375,0.4768564453125,-0.6774963989257813,0.45363524556159973,0.002590358257293701,-0.891155481338501,-0.007099717855453491
2,1773181751806089206,19.898026778,-1.250264892578125,0.48023510742187503,-0.6177920532226563,0.4507349133491516,-0.0010322853922843933,-0.8926270604133606,-0.0073400139808654785
2,1773181751901928108,19.99386568,-1.22529931640625,0.47216357421875,-0.5591588745117188,0.4388360381126404,0.02195177972316742,-0.8982925415039062,0.0034117400646209717
2,1773181751998417670,20.090355242,-1.208604248046875,0.48216479492187503,-0.481496337890625,0.4706450402736664,-0.0004146695137023926,-0.8822951912879944,-0.006957322359085083
2,1773181752095161121,20.187098693,-1.18378955078125,0.4801337890625,-0.42111099243164063,0.479903906583786,0.003052443265914917,-0.8772914409637451,-0.006551951169967651
2,1773181752192069931,20.284007503,-1.160013671875,0.486150390625,-0.35927099609375,0.49904584884643555,-0.010479189455509186,-0.8663076758384705,-0.018830299377441406
2,1773181752288095025,20.380032597,-1.1280283203125,0.484986572265625,-0.31202154541015625,0.4947860538959503,-0.002068720757961273,-0.8688599467277527,0.016274750232696533
2,1773181752386062132,20.477999704,-1.1022148437500001,0.48254833984375,-0.25742742919921874,0.5163527727127075,0.0023919790983200073,-0.8560843467712402,0.022224754095077515
2,1773181752482063766,20.574001338,-1.068044921875,0.487422607421875,-0.2110711669921875,0.52890944480896,0.010151728987693787,-0.8479126691818237,0.03458079695701599
2,1773181752577870264,20.669807836,-1.034160400390625,0.48098144531250003,-0.16575567626953125,0.5562340021133423,0.02671055495738983,-0.8301761150360107,0.026421010494232178
2,1773181752674387544,20.766325116,-0.9916684570312501,0.481640625,-0.1191856689453125,0.6037452220916748,0.018318109214305878,-0.7969039678573608,0.010020434856414795
2,1773181752772028886,20.863966458,-0.9534299316406251,0.48252197265625,-0.09249578857421875,0.6141668558120728,0.015340909361839294,-0.7889721393585205,0.009311497211456299
2,1773181752867577216,20.959514788,-0.905201904296875,0.479095703125,-0.06187371826171875,0.6438162326812744,0.029235385358333588,-0.7644854784011841,0.01442110538482666
2,1773181752964453100,21.056390672,-0.85066357421875,0.489872314453125,-0.0250435791015625,0.690995454788208,-0.0011563971638679504,-0.722829282283783,-0.006466194987297058
2,1773181753061331855,21.153269427,-0.79831494140625,0.46651904296875,-0.01601934814453125,0.6811980605125427,0.05878486484289169,-0.7297139167785645,0.005598276853561401
2,1773181753157928904,21.249866476,-0.7287529296875,0.4777294921875,0.012660278320312501,0.718399167060852,0.038771774619817734,-0.6945488452911377,0.0012080073356628418
2,1773181753256084292,21.348021864,-0.672337890625,0.487691162109375,0.03605828857421875,0.7423195838928223,0.011879660189151764,-0.6699288487434387,-0.003991484642028809
2,1773181753351239843,21.443177415,-0.612461181640625,0.48494287109375,0.04737115478515625,0.7546559572219849,0.02573668211698532,-0.6556081771850586,0.0031793713569641113
2,1773181753641306056,21.733243628,-0.432599853515625,0.48828906250000004,0.0991434326171875,0.806835949420929,-0.0007704421877861023,-0.590774655342102,0.0007761716842651367
2,1773181753737124114,21.829061686,-0.37340673828125,0.47896337890625,0.10345355224609375,0.8054381608963013,0.029921002686023712,-0.5917165875434875,-0.015671327710151672
2,1773181753930615914,22.022553486,-0.2091270751953125,0.4433330078125,0.18609930419921875,0.832505464553833,0.09549655020236969,-0.5399253964424133,-0.07934607565402985
2,1773181754122979409,22.214916981,-0.1191341552734375,0.47473291015625,0.19729510498046876,0.8498461246490479,0.0338570736348629,-0.5252258777618408,0.027444958686828613
2,1773181754219550815,22.311488387,-0.060055175781250004,0.447051513671875,0.16706195068359375,0.8487627506256104,0.08594910055398941,-0.5167821645736694,-0.07177045941352844
2,1773181754412834999,22.504772571,0.0654931640625,0.4933876953125,0.19748773193359376,0.8606574535369873,-0.031149107962846756,-0.5074809789657593,-0.027598395943641663
2,1773181754702635454,22.794573026,0.23606298828125,0.481451416015625,0.23935723876953124,0.8618838787078857,0.02359997294843197,-0.5042715072631836,-0.04805938899517059
2,1773181754799269563,22.891207135,0.28763623046875003,0.49284521484375,0.23675311279296876,0.8561195731163025,0.00945645198225975,-0.5166894793510437,-0.0013587623834609985
2,1773181754896340962,22.988278534,0.3415555419921875,0.5050341796875,0.23366046142578126,0.8456817865371704,-0.014508679509162903,-0.5334511995315552,-0.006455406546592712
2,1773181754992854797,23.084792369,0.3879647216796875,0.469832763671875,0.25703802490234373,0.8196613192558289,0.050001129508018494,-0.5693274140357971,-0.03900885581970215
2,1773181755378504989,23.470442561,0.62257666015625,0.49272607421875003,0.3010879516601563,0.8573226928710938,0.02719111740589142,-0.5134823322296143,-0.024379581212997437
2,1773181755572361186,23.664298758,0.72666015625,0.50879736328125,0.29648419189453123,0.8387010097503662,-0.009025618433952332,-0.5444064140319824,0.010998085141181946
2,1773181755668553476,23.760491048,0.7925505371093751,0.49796240234375,0.3641445922851563,0.8028703331947327,0.04466965049505234,-0.593979001045227,-0.024349525570869446
2,1773181755765006154,23.856943726,0.8378724365234376,0.41478173828125003,0.33581561279296873,0.8020312786102295,0.2036331295967102,-0.5343376398086548,-0.1725180745124817
2,1773181756055158958,24.14709653,1.018806640625,0.49773876953125,0.43105596923828127,0.8699588775634766,0.002270445227622986,-0.4872177243232727,-0.0760619044303894
2,1773181756633751502,24.725689074,1.36448974609375,0.4992001953125,0.4857590942382813,0.838160514831543,0.06966324150562286,-0.5372158885002136,0.06350714713335037
2,1773181757020640427,25.112577999,1.62497412109375,0.49100537109375003,0.5484696655273438,0.7618091106414795,-0.08904923498630524,-0.6408873796463013,0.031312406063079834
2,1773181757213874428,25.305812,1.7101201171875,0.46781689453125,0.5942085571289063,0.7582096457481384,0.07890941202640533,-0.6455350518226624,0.04664754867553711
2,1773181757310832182,25.402769754,1.842521484375,0.4978544921875,0.5459314575195313,0.832090437412262,-0.12166519463062286,-0.5398286581039429,-0.03752774000167847
2,1773181757407189249,25.499126821,1.8912414550781251,0.5046728515625,0.5779531860351562,0.8493034839630127,0.10675607621669769,-0.509189784526825,0.08951316028833389
2,1773181757503583976,25.595521548,1.9386971435546876,0.521065185546875,0.5755770874023438,0.8754574060440063,0.003992069512605667,-0.48327016830444336,-0.002894103527069092
2,1773181757987116847,26.079054419,2.293877685546875,0.531206787109375,0.6110829467773438,0.8882901072502136,0.013175202533602715,-0.4585210084915161,0.022926554083824158
2,1773181758083051805,26.174989377,2.30788330078125,0.55859033203125,0.6617273559570312,0.916643500328064,0.20179125666618347,-0.33141741156578064,0.09595485031604767
2,1773181758179481320,26.271418892,2.43942333984375,0.51971875,0.6381796264648437,0.8960260152816772,-0.005327576771378517,-0.4420035779476166,0.04173710197210312
2,1773181758275965862,26.367903434,2.50963720703125,0.52031982421875,0.6464719848632813,0.9002432823181152,-0.00013830512762069702,-0.4343608021736145,0.029879391193389893
2,1773181758372778400,26.464715972,2.566378173828125,0.518995361328125,0.6590170288085938,0.9158576726913452,-0.001987747848033905,-0.39988675713539124,0.03593769669532776
2,1773181758469058977,26.560996549,2.639990234375,0.521096435546875,0.6513115844726562,0.9075958132743835,0.0032539404928684235,-0.4174641966819763,0.0445319339632988
2,1773181758565510166,26.657447738,2.703984130859375,0.52473876953125,0.6516004028320312,0.9146733283996582,-0.005505396053195,-0.4030846059322357,0.02941572293639183
2,1773181758662065394,26.754002966,2.7815419921875,0.51778466796875,0.6726306762695312,0.9204686880111694,-0.00975281372666359,-0.3905284106731415,-0.011401839554309845
2,1773181758759155469,26.851093041,2.84091259765625,0.5205310058593751,0.6536964721679688,0.9132372736930847,-0.007099982351064682,-0.4056304395198822,0.037569109350442886
2,1773181758855774145,26.947711717,2.906005126953125,0.523957763671875,0.6558106079101562,0.9168773889541626,-0.011775845661759377,-0.3989228308200836,0.007607616484165192
2,1773181758952207034,27.044144606,2.974681884765625,0.5227189941406251,0.6525449829101563,0.9152002334594727,-0.005651544779539108,-0.4025629460811615,0.017883941531181335
2,1773181759049053624,27.140991196,3.03305908203125,0.5267282714843751,0.6451065063476563,0.9158570766448975,-0.01452496275305748,-0.4008839726448059,0.016938257962465286
2,1773181759146135883,27.238073455,3.10417578125,0.53025146484375,0.6404436645507813,0.9144243001937866,-0.015287812799215317,-0.40446680784225464,0.0011031702160835266
2,1773181759242362987,27.334300559,3.1662890625,0.535606201171875,0.6252678833007813,0.9113936424255371,-0.01367943361401558,-0.4112076461315155,0.009104706346988678
2,1773181759338512893,27.430450465,3.236016845703125,0.52978076171875,0.6326764526367188,0.914162814617157,-0.01411043293774128,-0.40507984161376953,0.004205435514450073
2,1773181759490945776,27.582883348,3.3021840820312502,0.529877197265625,0.6259714965820312,0.9138249158859253,-0.015369733795523643,-0.40567290782928467,0.010834075510501862
2,1773181759531995122,27.623932694,3.37016162109375,0.533408447265625,0.6222141723632812,0.9122711420059204,-0.017578475177288055,-0.40920817852020264,0.0010421499609947205
2,1773181759628044009,27.719981581,3.437260009765625,0.530750244140625,0.6215858764648438,0.913097620010376,-0.02401728741824627,-0.4070257246494293,-0.0024348795413970947
2,1773181759725002302,27.816939874,3.5051347656250003,0.532773193359375,0.6150991821289062,0.9099795818328857,-0.01047556847333908,-0.4144822359085083,0.005667887628078461
2,1773181759821620697,27.913558269,3.5751015625,0.53019677734375,0.6140811157226562,0.9079878330230713,-0.01729024574160576,-0.41861239075660706,0.004776336252689362
2,1773181759917651644,28.009589216,3.6455546875000002,0.530188232421875,0.6070679321289063,0.9100624322891235,-0.012244177982211113,-0.4142226576805115,0.007497236132621765
2,1773181760014981641,28.106919213,3.7135556640625,0.53105908203125,0.6017197875976562,0.9133690595626831,-0.015522269532084465,-0.4068325161933899,0.0018633082509040833
2,1773181760111051218,28.20298879,3.7821862792968752,0.53183837890625,0.5921463012695313,0.9170821905136108,-0.012998150661587715,-0.3984850347042084,0.0010595694184303284
2,1773181760207661628,28.2995992,3.8482509765625,0.532889892578125,0.5803532104492187,0.9208289384841919,-0.013662898913025856,-0.3897235095500946,-0.001783415675163269
2,1773181760304778865,28.396716437,3.912028564453125,0.533833984375,0.5664114379882813,0.9268255233764648,-0.011913612484931946,-0.3752988576889038,-0.001806456595659256
2,1773181760402368991,28.494306563,3.975591064453125,0.53313525390625,0.5532432250976562,0.9330204725265503,-0.016707714647054672,-0.3594230115413666,-0.002965923398733139
2,1773181760497014272,28.588951844,4.041826904296875,0.53514013671875,0.5347639770507813,0.9364887475967407,-0.00958923064172268,-0.35056671500205994,-0.0002606213092803955
2,1773181760594763533,28.686701105,4.106478515625,0.53580810546875,0.5159097290039063,0.9409286379814148,-0.011772946454584599,-0.33839648962020874,-0.0016185231506824493
2,1773181760690103022,28.782040594,4.17034375,0.53410107421875,0.4993606567382813,0.9451398849487305,-0.01161773968487978,-0.32645878195762634,0.0006849858909845352
2,1773181760787323631,28.879261203,4.2320966796875,0.534727783203125,0.4804541625976563,0.9497572183609009,-0.009756919927895069,-0.3128225803375244,0.0028583109378814697
2,1773181760884399088,28.97633666,4.2934306640625,0.533946533203125,0.45997369384765624,0.9544551372528076,-0.002683466300368309,-0.2982076108455658,0.008972728624939919
2,1773181760979934407,29.071871979,4.355595703125,0.5337138671875,0.43898992919921875,0.9597891569137573,-0.007111621554940939,-0.28062039613723755,0.0025442205369472504
2,1773181761077689573,29.169627145,4.416521484375,0.53475634765625,0.41290911865234375,-0.9658557176589966,0.00864521786570549,0.25892117619514465,-0.0028088302351534367
2,1773181761173933814,29.265871386,4.4792587890625,0.534829345703125,0.3837952270507813,-0.971612811088562,0.0071337539702653885,0.23642772436141968,-0.004435768350958824
2,1773181761269991098,29.36192867,4.539080078125,0.534241455078125,0.35272467041015626,-0.9771022796630859,0.005449945107102394,0.2125709354877472,-0.007422188296914101
2,1773181761367021392,29.458958964,4.5972509765625,0.534542236328125,0.31938873291015624,-0.9831705689430237,0.008992167189717293,0.1822710633277893,-0.008490834385156631
2,1773181761464315837,29.556253409,4.6552490234375,0.53395458984375,0.28242840576171874,-0.9875175356864929,0.007811367511749268,0.1571052074432373,-0.008133221417665482
2,1773181761560400148,29.65233772,4.7124306640625,0.5322333984375001,0.24215460205078126,-0.9907141327857971,0.0005402415990829468,0.13577544689178467,-0.007087484002113342
2,1773181761656883929,29.748821501,4.76669091796875,0.5325615234375,0.20191314697265625,-0.9934024810791016,0.0006782971322536469,0.1145569458603859,-0.005278237164020538
2,1773181761752587700,29.844525272,4.81899072265625,0.533368896484375,0.15945172119140624,-0.9958528280258179,0.005325222387909889,0.0906706228852272,-0.005272984504699707
2,1773181761849549320,29.941486892,4.86814306640625,0.5328110351562501,0.11752532958984375,-0.9975193738937378,0.007896538823843002,0.0697050467133522,-0.005840390920639038
2,1773181761946094333,30.038031905,4.9186083984375,0.531579833984375,0.07263909912109374,-0.9985017776489258,0.006978221237659454,0.053941965103149414,-0.005982622504234314
2,1773181762042631907,30.134569479,4.968626953125,0.532587158203125,0.023023376464843752,-0.9991103410720825,0.0066249780356884,0.04150279611349106,-0.003499351441860199
2,1773181762139572179,30.231509751,5.019291015625,0.532073974609375,-0.02767388916015625,-0.9995542764663696,0.004635486751794815,0.02922094613313675,-0.00398176908493042
2,1773181762235916101,30.327853673,5.0668935546875,0.53233544921875,-0.07802508544921875,-0.9998229146003723,0.011411044746637344,0.014915868639945984,-0.0012266933917999268
2,1773181762332979162,30.424916734,5.1138662109375,0.531753662109375,-0.13026910400390626,-0.9999282360076904,0.010708317160606384,0.004874691367149353,-0.002278849482536316
2,1773181762428806737,30.520744309,5.1579570312500005,0.532106201171875,-0.18060821533203125,-0.9998916387557983,0.01235196739435196,-0.007072657346725464,-0.0037768185138702393
2,1773181762525551510,30.617489082,5.2027353515625,0.5305385742187501,-0.23035589599609377,-0.9996981620788574,0.009466376155614853,-0.022562503814697266,-0.002228841185569763
2,1773181762622463352,30.714400924,5.2452763671875005,0.530634765625,-0.28619647216796873,-0.9987895488739014,0.014242775738239288,-0.047032520174980164,-0.0021445155143737793
2,1773181762719204524,30.811142096,5.2854726562500005,0.530169677734375,-0.3382714233398438,-0.9974640607833862,0.016540687531232834,-0.06911517679691315,-0.003878384828567505
2,1773181762815344466,30.907282038,5.32246630859375,0.532310546875,-0.39062310791015625,-0.995970606803894,0.028325188905000687,-0.08508816361427307,-0.0005261152982711792
2,1773181762912449023,31.004386595,5.3567832031250004,0.53277734375,-0.44284197998046876,-0.9935249090194702,0.03276655077934265,-0.10878632217645645,-0.0005498528480529785
2,1773181763008797599,31.100735171,5.3883623046875,0.531337890625,-0.4916563110351563,-0.991117000579834,0.028280381113290787,-0.12987786531448364,-0.0043542832136154175
2,1773181763105559161,31.197496733,5.4169736328125,0.53070654296875,-0.5426157836914063,-0.9884858131408691,0.02189132571220398,-0.14964252710342407,-0.004864603281021118
2,1773181763201743530,31.293681102,5.442583984375,0.52948046875,-0.5972164916992188,-0.9857050180435181,0.01450406014919281,-0.16773800551891327,-0.006259486079216003
2,1773181763298204869,31.390142441,5.46509716796875,0.52872412109375,-0.6571799926757813,-0.9806689023971558,0.014594260603189468,-0.19502991437911987,-0.006246492266654968
2,1773181763395357799,31.487295371,5.483146484375,0.528286865234375,-0.7193679809570312,-0.9752780199050903,0.010442368686199188,-0.22051048278808594,-0.00994691252708435
2,1773181763490831648,31.58276922,5.49811376953125,0.528889404296875,-0.7838698120117188,-0.9671528339385986,0.013659931719303131,-0.25353920459747314,-0.012113034725189209
2,1773181763588608992,31.680546564,5.508142578125,0.52786865234375,-0.8468223266601562,-0.9601547122001648,0.00940694659948349,-0.27907246351242065,-0.011541515588760376
2,1773181763684662783,31.776600355,5.51463916015625,0.52958203125,-0.9048422241210937,-0.9522883892059326,0.0225161612033844,-0.3041643798351288,-0.011131465435028076
2,1773181764919768692,33.011706264,5.516189453125,0.528358642578125,-0.9669879760742188,-0.9440043568611145,0.014567404985427856,-0.3294660449028015,-0.009786933660507202
2,1773181765015769640,33.107707212,5.51495751953125,0.52889111328125,-1.0265454101562501,-0.9366475939750671,0.015416629612445831,-0.34982892870903015,-0.008564114570617676
2,1773181765112765485,33.204703057,5.5130117187500005,0.528552978515625,-1.0863818359375,-0.9267733097076416,0.018818825483322144,-0.3750067353248596,-0.010350435972213745
2,1773181765208557385,33.300494957,5.5033662109375,0.527533447265625,-1.147257080078125,-0.9225853085517883,0.005243867635726929,-0.38571351766586304,-0.0058460533618927
2,1773181765305284999,33.397222571,5.4904443359375,0.5279345703125,-1.20769677734375,-0.9161522388458252,0.008892148733139038,-0.40070849657058716,-0.004332184791564941
2,1773181765401972688,33.49391026,5.4799404296875,0.52128515625,-1.26751171875,-0.9050990343093872,-0.018970094621181488,-0.4242228865623474,-0.021698743104934692
2,1773181765499321222,33.591258794,5.45716650390625,0.528805419921875,-1.336255615234375,-0.9060330390930176,0.016376398503780365,-0.4228649437427521,-0.004592776298522949
2,1773181765595193188,33.68713076,5.437642578125,0.525848388671875,-1.403154541015625,-0.9007167220115662,0.009300380945205688,-0.43421101570129395,-0.009156346321105957
2,1773181765692353522,33.784291094,5.422271484375,0.521875732421875,-1.470079833984375,-0.8889421820640564,0.006374664604663849,-0.45778483152389526,-0.01320648193359375
2,1773181765787751381,33.879688953,5.3990498046875,0.521197998046875,-1.538744140625,-0.8857024908065796,0.02033092826604843,-0.4637039303779602,-0.009831726551055908
2,1773181765884478105,33.976415677,5.37693603515625,0.5156884765625,-1.606393798828125,-0.878444254398346,0.046833306550979614,-0.47549352049827576,-0.006956011056900024
2,1773181765981290178,34.07322775,5.34821728515625,0.51564501953125,-1.67710546875,-0.8816272020339966,0.009093694388866425,-0.47185051441192627,0.002845674753189087
2,1773181766078493151,34.170430723,5.3283505859375,0.5073896484375,-1.741717041015625,-0.8551723957061768,0.013739846646785736,-0.517743706703186,-0.020805060863494873
2,1773181766174973373,34.266910945,5.288173828125,0.511531005859375,-1.809977783203125,-0.8577977418899536,0.012037135660648346,-0.5137276649475098,-0.011049211025238037
2,1773181766271384181,34.363321753,5.25812646484375,0.509063232421875,-1.869603271484375,-0.8548848628997803,-0.02213352918624878,-0.5183296203613281,-0.004046499729156494
2,1773181766367539211,34.459476783,5.2252919921875005,0.5079343261718751,-1.924413330078125,-0.845313549041748,0.00844234973192215,-0.5341775417327881,-0.005294382572174072
2,1773181766464357535,34.556295107,5.1923115234375,0.500119140625,-1.972578857421875,-0.8184239864349365,0.035278983414173126,-0.5728484988212585,-0.027973145246505737
2,1773181766561514115,34.653451687,5.15320751953125,0.500706787109375,-2.03132275390625,-0.8129660487174988,0.07586100697517395,-0.5771358013153076,-0.01567491888999939
2,1773181766657858450,34.749796022,5.1120146484375,0.49784375000000003,-2.0868330078125,-0.8069919347763062,0.06240452826023102,-0.5869131684303284,-0.020063132047653198
2,1773181766753761894,34.845699466,5.0577285156250005,0.50093994140625,-2.149197021484375,-0.8207790851593018,0.028855212032794952,-0.5705136656761169,0.0018511414527893066
2,1773181766850471935,34.942409507,5.00510791015625,0.50232421875,-2.199611083984375,-0.8175914287567139,0.017650723457336426,-0.575511634349823,0.004369467496871948
2,1773181766947833159,35.039770731,4.9593154296875,0.49377490234375,-2.247183837890625,-0.8238089084625244,0.026473701000213623,-0.5661147236824036,0.012336283922195435
2,1773181767044156351,35.136093923,4.906064453125,0.49961962890625,-2.30558935546875,-0.8235669136047363,-0.011917389929294586,-0.5668258666992188,0.01743754744529724
2,1773181767140638767,35.232576339,4.8560771484375005,0.49946826171875003,-2.350203369140625,-0.8174306154251099,0.0022007301449775696,-0.5758008360862732,0.01599261164665222
2,1773181767237627250,35.329564822,4.80451171875,0.497359375,-2.396325439453125,-0.8216486573219299,-0.0132741779088974,-0.5691301226615906,0.028431057929992676
2,1773181767334051778,35.42598935,4.756818359375,0.493379150390625,-2.436006103515625,-0.8101122379302979,0.011444240808486938,-0.5857464075088501,0.02209898829460144
2,1773181767430901755,35.522839327,4.69962109375,0.49128369140625,-2.47652392578125,-0.792294979095459,0.03829498589038849,-0.6087503433227539,0.015008866786956787
2,1773181767526979118,35.61891669,4.6457119140625,0.495282958984375,-2.52274462890625,-0.7997058629989624,-0.012890152633190155,-0.599622368812561,0.027524441480636597
2,1773181767623732956,35.715670528,4.59178759765625,0.49805126953125,-2.560518310546875,-0.7937930226325989,-0.011862777173519135,-0.6078130006790161,0.017758429050445557
2,1773181767719899907,35.811837479,4.529591796875,0.495933349609375,-2.5994013671875003,-0.7758243083953857,-0.0059242770075798035,-0.6306009292602539,0.020107030868530273
2,1773181767816241196,35.908178768,4.46803955078125,0.49535107421875,-2.633859375,-0.7682114839553833,-0.014986850321292877,-0.6395632028579712,0.024200618267059326
2,1773181767912905651,36.004843223,4.404740234375,0.49608154296875,-2.666757080078125,-0.7509652376174927,-0.004191413521766663,-0.6601051092147827,0.01717659831047058
2,1773181768009827993,36.101765565,4.3473837890625004,0.4950419921875,-2.697194091796875,-0.7380357980728149,0.0038949772715568542,-0.6746279001235962,0.012856543064117432
2,1773181768107282993,36.199220565,4.28526953125,0.494980712890625,-2.7238994140625,-0.7265053391456604,-0.0043787285685539246,-0.6868889331817627,0.018828749656677246
2,1773181768203456342,36.295393914,4.227681640625,0.49244384765625,-2.743949462890625,-0.7159814834594727,0.0008911490440368652,-0.697861909866333,0.01893758773803711
2,1773181768299363297,36.391300869,4.167296875,0.491901611328125,-2.76285009765625,-0.7061145305633545,-0.0020152777433395386,-0.707775890827179,0.021254360675811768
2,1773181768396085736,36.488023308,4.106048828125,0.48919287109375004,-2.78144921875,-0.6883459091186523,0.005031786859035492,-0.725150465965271,0.017647773027420044
2,1773181768492416447,36.584354019,4.03988427734375,0.489009033203125,-2.794628662109375,-0.6717665791511536,0.0018273890018463135,-0.7404624223709106,0.021021008491516113
2,1773181768589696056,36.681633628,3.9797399902343753,0.489537841796875,-2.8063520507812503,-0.6564397215843201,0.0023055225610733032,-0.7540889978408813,0.020770758390426636
2,1773181768685825683,36.777763255,3.91734130859375,0.488719482421875,-2.8193056640625,-0.6407126188278198,0.003548726439476013,-0.7675718665122986,0.01755538582801819
2,1773181768782613052,36.874550624,3.85302734375,0.487437744140625,-2.828204345703125,-0.6179406642913818,0.00903475284576416,-0.7860575914382935,0.01345929503440857
2,1773181768878601284,36.970538856,3.78803466796875,0.484794189453125,-2.83682470703125,-0.6070280075073242,0.007786020636558533,-0.7945201396942139,0.013944447040557861
2,1773181768975219872,37.067157444,3.71621484375,0.48483862304687503,-2.842280029296875,-0.5903283357620239,0.004101917147636414,-0.8070549964904785,0.012568742036819458
2,1773181769072432748,37.16437032,3.6418798828125,0.481997314453125,-2.8418657226562503,-0.5713081359863281,-0.013640597462654114,-0.8206092715263367,0.0046318769454956055
2,1773181769168106272,37.260043844,3.5678662109375,0.48546240234375,-2.84293408203125,-0.5547674894332886,0.012606456875801086,-0.8318997025489807,0.0041387975215911865
2,1773181769265769013,37.357706585,3.49570166015625,0.485811279296875,-2.841600341796875,-0.5450989007949829,0.009631887078285217,-0.8383044004440308,0.004514366388320923
2,1773181769361547664,37.453485236,3.42970068359375,0.4806337890625,-2.8365534667968753,-0.527079701423645,-0.010040104389190674,-0.849740743637085,-0.005202740430831909
2,1773181769458569076,37.550506648,3.3663330078125,0.479729248046875,-2.8373969726562502,-0.504900336265564,-0.008740484714508057,-0.8631318807601929,0.001644223928451538
2,1773181769554744689,37.646682261,3.288283203125,0.478014892578125,-2.834044189453125,-0.5185166597366333,-0.0015714317560195923,-0.8550126552581787,-0.009571254253387451
2,1773181769652601587,37.744539159,3.211220947265625,0.481250732421875,-2.8208505859375,-0.5261421799659729,-0.005071923136711121,-0.850175678730011,-0.018710225820541382
2,1773181769747822302,37.839759874,3.14530517578125,0.481915283203125,-2.8237077636718753,-0.5273922085762024,-0.010500073432922363,-0.849545955657959,-0.004344820976257324
2,1773181769844563751,37.936501323,3.07855712890625,0.47828881835937503,-2.831905517578125,-0.5337294340133667,-0.006178542971611023,-0.8456252813339233,0.0035798847675323486
2,1773181769942040790,38.033978362,3.010560546875,0.480565185546875,-2.824732421875,-0.5341946482658386,-0.010625749826431274,-0.8452557325363159,0.008125513792037964
2,1773181770037702780,38.129640352,2.94068701171875,0.47949536132812504,-2.818486572265625,-0.536568284034729,-0.010868385434150696,-0.8437868356704712,0.0006104707717895508
2,1773181770134848391,38.226785963,2.86916259765625,0.4789560546875,-2.816596435546875,-0.533227801322937,-0.00501018762588501,-0.8459528684616089,0.0026245713233947754
2,1773181770231092569,38.323030141,2.79058203125,0.4804306640625,-2.810568603515625,-0.5306364297866821,-0.005629822611808777,-0.8475589752197266,0.006104022264480591
2,1773181770327904684,38.419842256,2.71789306640625,0.47670458984375,-2.808804931640625,-0.5167772173881531,-0.0010658353567123413,-0.8561141490936279,-0.0029709041118621826
2,1773181770423939512,38.515877084,2.6374755859375,0.47764331054687503,-2.797854736328125,-0.507388710975647,0.0031155049800872803,-0.8616520166397095,-0.010140329599380493
2,1773181770521275225,38.613212797,2.55901904296875,0.476795166015625,-2.791105712890625,-0.5153673887252808,0.000651136040687561,-0.8569687604904175,0.0008677244186401367
2,1773181770617595847,38.709533419,2.49218359375,0.4757880859375,-2.78133056640625,-0.49274176359176636,0.001921147108078003,-0.8700895309448242,-0.012090027332305908
2,1773181770714788809,38.806726381,2.4252092285156253,0.47281909179687504,-2.7801088867187502,-0.4813162684440613,-0.002386152744293213,-0.8765424489974976,-0.0015651881694793701
2,1773181770810911004,38.902848576,2.354943359375,0.47005615234375003,-2.7770004882812502,-0.47959691286087036,-0.0023778527975082397,-0.8774856328964233,-0.000570148229598999
2,1773181770907952397,38.999889969,2.29050048828125,0.47133349609375,-2.76774267578125,-0.4724980890750885,0.014943033456802368,-0.881126880645752,-0.011744856834411621
2,1773181771004192439,39.096130011,2.2254738769531253,0.472601806640625,-2.757921630859375,-0.46301716566085815,0.016046687960624695,-0.8861532211303711,-0.00949898362159729
2,1773181771100494128,39.1924317,2.16406005859375,0.468942626953125,-2.76111474609375,-0.46268653869628906,0.005296796560287476,-0.8864864110946655,0.0059125423431396484
2,1773181771197671657,39.289609229,2.098984619140625,0.46680224609375,-2.752005859375,-0.45603710412979126,0.0033748894929885864,-0.8899543285369873,0.0003573894500732422
2,1773181771294004496,39.385942068,2.031524169921875,0.46775341796875003,-2.74408447265625,-0.4446500539779663,-0.00277748703956604,-0.895698070526123,-0.0019475221633911133
2,1773181771390991350,39.482928922,1.96074267578125,0.46479736328125,-2.73995458984375,-0.4393388330936432,-0.0136241614818573,-0.8982181549072266,4.798173904418945e-05
2,1773181771486768700,39.578706272,1.8895057373046875,0.46395703125,-2.735726318359375,-0.43483641743659973,-0.006672024726867676,-0.9004323482513428,-0.009720414876937866
2,1773181771583686495,39.675624067,1.821291259765625,0.46135156250000003,-2.735571044921875,-0.4258616268634796,-0.01174803078174591,-0.9047019481658936,-0.004292547702789307
2,1773181771681173289,39.773110861,1.750361083984375,0.45849560546875,-2.73226513671875,-0.4260517656803131,-0.027822643518447876,-0.904259204864502,0.004603743553161621
2,1773181771777451947,39.869389519,1.6772607421875,0.46295703125,-2.727294921875,-0.41661393642425537,-0.005739137530326843,-0.9090653657913208,0.00042316317558288574
2,1773181771874219948,39.96615752,1.6077092285156251,0.459378173828125,-2.721071533203125,-0.40756955742836,-0.03101581335067749,-0.9126343131065369,-0.004884779453277588
2,1773181771970999412,40.062936984,1.527405517578125,0.46620068359375,-2.71965087890625,-0.41552919149398804,0.0025991201400756836,-0.9095699787139893,0.0033478736877441406
2,1773181772066741198,40.15867877,1.4569951171875,0.46348876953125,-2.719744384765625,-0.4027603566646576,-0.003988683223724365,-0.9152966141700745,-0.0005868077278137207
2,1773181772163858357,40.255795929,1.3826219482421875,0.464510986328125,-2.7136699218750002,-0.3980138599872589,-0.00373820960521698,-0.9173398613929749,0.007660597562789917
2,1773181772260782412,40.352719984,1.313766357421875,0.461798095703125,-2.712091064453125,-0.3843022584915161,-0.017014354467391968,-0.9230294227600098,0.006256014108657837
2,1773181772356692909,40.448630481,1.24558349609375,0.4586669921875,-2.71337255859375,-0.36475473642349243,-0.010013997554779053,-0.9310145974159241,-0.008108526468276978
2,1773181772453720363,40.545657935,1.1704119873046874,0.45959790039062504,-2.705659423828125,-0.3594054579734802,-0.012955650687217712,-0.9330496788024902,-0.008841097354888916
2,1773181772549876053,40.641813625,1.09302880859375,0.459592041015625,-2.70109765625,-0.35625025629997253,-0.012264922261238098,-0.9342771768569946,-0.00785362720489502
2,1773181772646828483,40.738766055,1.0170050048828125,0.460550537109375,-2.692994140625,-0.3563672602176666,-0.013262882828712463,-0.9342468976974487,-0.0030421316623687744
2,1773181772743225601,40.835163173,0.94050732421875,0.459545166015625,-2.68760107421875,-0.3527151644229889,-0.019633710384368896,-0.935521125793457,0.0026370584964752197
2,1773181772841639998,40.93357757,0.865842041015625,0.45788671875000003,-2.67848828125,-0.33474963903427124,-0.010147333145141602,-0.942212700843811,-0.008666068315505981
2,1773181772936738940,41.028676512,0.7945260620117187,0.45901513671875,-2.66610302734375,-0.3259010314941406,-0.006025165319442749,-0.9453577995300293,-0.007149398326873779
2,1773181773033808193,41.125745765,0.7199656982421875,0.45728857421875,-2.6550239257812502,-0.31593066453933716,-0.008783310651779175,-0.9487349390983582,0.0035694539546966553
2,1773181773130311910,41.222249482,0.645346435546875,0.458114990234375,-2.6414240722656253,-0.3058655858039856,-0.008619904518127441,-0.9520285129547119,0.0037139952182769775
2,1773181773226279226,41.318216798,0.57684716796875,0.45718725585937503,-2.62903857421875,-0.29583996534347534,-0.008151635527610779,-0.9551900625228882,0.004943132400512695
2,1773181773323411706,41.415349278,0.5067763671875,0.458305419921875,-2.611770751953125,-0.29188355803489685,-0.013034865260124207,-0.9562715291976929,0.013376504182815552
2,1773181773419537665,41.511475237,0.435800048828125,0.456896484375,-2.5994931640625,-0.2733175456523895,-0.009011268615722656,-0.9618010520935059,0.012454062700271606
2,1773181773516042504,41.607980076,0.36638574218750003,0.458909423828125,-2.579833251953125,-0.25597596168518066,-0.00792112946510315,-0.9666361808776855,0.005312591791152954
2,1773181773612247039,41.704184611,0.293819091796875,0.457986328125,-2.5617905273437502,-0.23612624406814575,-0.005131050944328308,-0.9717037081718445,0.0031733810901641846
2,1773181773709052134,41.800989706,0.218916259765625,0.458591796875,-2.537765380859375,-0.21814151108264923,-0.00856347382068634,-0.9758382439613342,0.008990734815597534
2,1773181773806164830,41.898102402,0.1502421875,0.4576435546875,-2.514092529296875,-0.19770510494709015,-0.006861880421638489,-0.9802019596099854,0.008358687162399292
2,1773181773902487913,41.994425485,0.0825859375,0.455736083984375,-2.492854248046875,-0.18269938230514526,-0.005294963717460632,-0.9831228256225586,0.007914364337921143
2,1773181773999171859,42.091109431,0.01890869140625,0.455277587890625,-2.468478271484375,-0.16830319166183472,-0.005484923720359802,-0.9856678247451782,0.010158658027648926
2,1773181774096185651,42.188123223,-0.04409228515625,0.454101318359375,-2.446873779296875,-0.15255782008171082,-0.004899531602859497,-0.9882245063781738,0.010700881481170654
2,1773181774192758043,42.284695615,-0.1100584716796875,0.45333203125,-2.4206875,-0.12848423421382904,-0.0023913681507110596,-0.991706132888794,0.0022460222244262695
2,1773181774288866665,42.380804237,-0.1741539306640625,0.45424853515625,-2.39500927734375,-0.11150889098644257,-0.0015739202499389648,-0.9937334060668945,0.007565826177597046
2,1773181774386121992,42.478059564,-0.23352978515625,0.4536337890625,-2.36909521484375,-0.09429127722978592,-0.007884353399276733,-0.9953590631484985,0.017535150051116943
2,1773181774482780143,42.574717715,-0.292994873046875,0.45395166015625,-2.34155712890625,-0.06560643762350082,-0.002452954649925232,-0.9978039264678955,0.008788436651229858
2,1773181774578588576,42.670526148,-0.346985595703125,0.45446142578125,-2.317068603515625,-0.04902040958404541,-0.00593973696231842,-0.9987114667892456,0.011712372303009033
2,1773181774675557481,42.767495053,-0.39931884765625003,0.454206298828125,-2.289284423828125,-0.027036845684051514,-0.004652366042137146,-0.999563455581665,0.010979562997817993
2,1773181774772880526,42.864818098,-0.45298730468750004,0.45502978515625003,-2.254684814453125,-0.007160305976867676,-0.002593323588371277,-0.9999425411224365,0.007555603981018066
2,1773181774868388589,42.960326161,-0.51044580078125,0.45417285156250004,-2.21319189453125,0.017620891332626343,0.002615690231323242,-0.9998024106025696,0.008821159601211548
2,1773181774966769212,43.058706784,-0.565740478515625,0.45429052734375003,-2.170635498046875,0.02722996473312378,0.003913655877113342,-0.999585747718811,0.008464634418487549
2,1773181775061943379,43.153880951,-0.621691162109375,0.4534853515625,-2.129275146484375,0.02276843786239624,0.004722267389297485,-0.9996577501296997,0.011997967958450317
2,1773181775158836933,43.250774505,-0.67797705078125,0.457306640625,-2.076820068359375,0.03418654203414917,0.0010377764701843262,-0.9993983507156372,-0.005757242441177368
2,1773181775255401356,43.347338928,-0.7330249023437501,0.45810498046875003,-2.024194091796875,0.041593655943870544,0.000720486044883728,-0.9991236329078674,-0.004637628793716431
2,1773181775351835111,43.443772683,-0.784229248046875,0.45680932617187503,-1.975025634765625,0.044531166553497314,-3.1247735023498535e-05,-0.9989797472953796,-0.00751340389251709
2,1773181775448207765,43.540145337,-0.831828125,0.455330078125,-1.9239868164062501,0.056593358516693115,0.004821360111236572,-0.998380184173584,0.0033315718173980713
2,1773181775545965340,43.637902912,-0.87445361328125,0.45539794921875,-1.8718837890625,0.06990416347980499,0.006644487380981445,-0.9975183010101318,0.005169868469238281
2,1773181775642144515,43.734082087,-0.912216796875,0.4525302734375,-1.819010498046875,0.08623857796192169,0.009212687611579895,-0.9959845542907715,0.022202640771865845
2,1773181775738505551,43.830443123,-0.94718994140625,0.4527470703125,-1.7677128906250001,0.11812596023082733,0.006096705794334412,-0.9926964044570923,0.023728549480438232
2,1773181775835325392,43.927262964,-0.97007958984375,0.45605078125000004,-1.7131064453125,0.13554972410202026,0.007026076316833496,-0.9906490445137024,0.013839036226272583
2,1773181775932026036,44.023963608,-0.9925048828125,0.465236328125,-1.650380615234375,0.17305108904838562,-0.004154235124588013,-0.9848742485046387,-0.007673770189285278
2,1773181776028183913,44.120121485,-1.00927197265625,0.454608642578125,-1.59114697265625,0.19088128209114075,0.013734996318817139,-0.9811375141143799,0.027292311191558838
2,1773181776124777849,44.216715421,-1.0282827148437501,0.46556689453125,-1.534737060546875,0.24492448568344116,-0.003775566816329956,-0.9694778919219971,-0.010518640279769897
2,1773181776221536849,44.313474421,-1.0358466796875,0.460453857421875,-1.4678317871093751,0.2771177291870117,0.004258468747138977,-0.960712194442749,0.014825284481048584
2,1773181776318406356,44.410343928,-1.04166650390625,0.463847412109375,-1.4131153564453125,0.31075090169906616,-0.0008631050586700439,-0.9504539966583252,0.008394330739974976
2,1773181776414157378,44.50609495,-1.046024658203125,0.466693603515625,-1.3413646240234376,0.35853445529937744,-0.005895443260669708,-0.9334878325462341,0.004327207803726196
2,1773181776510842561,44.602780133,-1.044525146484375,0.4827333984375,-1.27365380859375,0.3735581636428833,-0.036542586982250214,-0.9265410304069519,-0.025314807891845703
2,1773181776607669378,44.69960695,-1.03498583984375,0.46505126953125003,-1.206682861328125,0.3687404990196228,0.004288129508495331,-0.929510235786438,0.004798233509063721
2,1773181776704642381,44.796579953,-1.024075439453125,0.46714062500000003,-1.14177880859375,0.37972065806388855,0.0032099857926368713,-0.9250388145446777,0.01025545597076416
2,1773181776801725506,44.893663078,-1.014425048828125,0.48394970703125,-1.073050537109375,0.4075544476509094,-0.026616819202899933,-0.9126772880554199,-0.014538377523422241
2,1773181776898520215,44.990457787,-0.995878662109375,0.46996533203125,-1.0077587890625,0.4110862910747528,0.005760699510574341,-0.9114795923233032,0.013417482376098633
2,1773181776993965345,45.085902917,-0.97847412109375,0.473820556640625,-0.9390213623046875,0.43142035603523254,0.0002079010009765625,-0.902138352394104,0.0047827064990997314
2,1773181777091322707,45.183260279,-0.959131591796875,0.479705322265625,-0.8674112548828126,0.4615994691848755,-0.00944218784570694,-0.8869470953941345,-0.012717574834823608
2,1773181777247512014,45.339449586,-0.9270551757812501,0.47685595703125,-0.7998286743164063,0.48061785101890564,0.00017998367547988892,-0.8769280910491943,-0.0018992125988006592
2,1773181777283581809,45.375519381,-0.90282275390625,0.489629150390625,-0.7451366577148437,0.4995701313018799,-0.023615822196006775,-0.8658342361450195,-0.014255374670028687
2,1773181777380771591,45.472709163,-0.870128173828125,0.46368212890625,-0.7014898071289063,0.47620630264282227,0.03861604630947113,-0.8783965110778809,0.01248997449874878
2,1773181777574492962,45.666430534,-0.805427001953125,0.48925537109375,-0.5788640747070313,0.5310990810394287,-0.009362973272800446,-0.8471431732177734,-0.013949424028396606
2,1773181777670781050,45.762718622,-0.76406591796875,0.48909716796875,-0.5250640258789062,0.5566504597663879,-0.010406740009784698,-0.8306095004081726,-0.010946571826934814
2,1773181777766992348,45.85892992,-0.724796142578125,0.49402978515625,-0.4732800903320313,0.578021764755249,-0.019350208342075348,-0.8154259324073792,-0.02443292737007141
2,1773181777864127524,45.956065096,-0.68144970703125,0.48624365234375,-0.42272994995117186,0.6024757623672485,-0.0072912052273750305,-0.7978048324584961,-0.02184942364692688
2,1773181777960546102,46.052483674,-0.64319482421875,0.486950927734375,-0.38167413330078126,0.609231173992157,0.0050898343324661255,-0.791684627532959,-0.04524233937263489
2,1773181778153667328,46.2456049,-0.56523974609375,0.49863720703125003,-0.3062305908203125,0.6295230388641357,-0.022651515901088715,-0.7761297225952148,-0.028467446565628052
2,1773181778250320938,46.34225851,-0.5215439453125,0.5014736328125,-0.26627349853515625,0.6599354147911072,-0.03625098615884781,-0.7503647804260254,-0.01113995909690857
2,1773181778539644508,46.63158208,-0.403275634765625,0.49635302734375003,-0.17941229248046875,0.7063234448432922,-0.028057880699634552,-0.7073306441307068,0.0018756240606307983
2,1773181778636997582,46.728935154,-0.35396044921875003,0.490076416015625,-0.10792950439453125,0.7464812994003296,-0.037091903388500214,-0.6639590859413147,-0.023417919874191284
2,1773181778733261027,46.825198599,-0.323010009765625,0.49766503906250004,-0.13248052978515626,0.747406005859375,-0.018588945269584656,-0.6632272005081177,-0.03418581187725067
2,1773181779118659533,47.210597105,-0.1753597412109375,0.5000185546875,-0.07371270751953125,0.7869229912757874,-0.024067793041467667,-0.6158080697059631,-0.030881255865097046
2,1773181779505473258,47.59741083,-0.03431982421875,0.4973544921875,-0.047213439941406254,0.8471418023109436,-0.012504510581493378,-0.5309849977493286,-0.01579667627811432
2,1773181779602526860,47.694464432,-0.0066458740234375,0.49922412109375003,-0.02766326904296875,0.8465839624404907,-0.026792030781507492,-0.5306305885314941,-0.03176677227020264
2,1773181779794407680,47.886345252,0.048921264648437504,0.496005126953125,0.0083155517578125,0.8394246101379395,0.07115647941827774,-0.5363200306892395,0.05161604285240173
2,1773181779987971852,48.079909424,0.0414832763671875,0.48218798828125004,0.00041058349609375,0.858559250831604,0.003458019345998764,-0.5113862156867981,-0.0367194265127182
2,1773181780085272453,48.177210025,0.0414927978515625,0.4955576171875,-0.00550518798828125,0.8666728138923645,-0.016608335077762604,-0.49860039353370667,-0.0004120245575904846
2,1773181780181688419,48.273625991,0.040548095703125,0.498574951171875,0.00883807373046875,0.8877897262573242,0.07942073792219162,-0.44749879837036133,0.07257243990898132
2,1773181780278479053,48.370416625,0.0547503662109375,0.49777099609375003,-0.02622674560546875,0.8753824830055237,0.02572748251259327,-0.4823378920555115,0.01984701305627823
2,1773181780374467627,48.466405199,0.05311962890625,0.500771240234375,-0.02022186279296875,0.8709806799888611,0.027024587616324425,-0.4897941052913666,0.02764451503753662
2,1773181780470285504,48.562223076,0.0530299072265625,0.495776611328125,-0.02832843017578125,0.8902250528335571,0.0035206079483032227,-0.45548534393310547,-0.004492945969104767
2,1773181780664116468,48.75605404,0.0410997314453125,0.49765673828125,0.00350665283203125,0.8825418949127197,0.14330825209617615,-0.44776326417922974,0.009532935917377472
2,1773181780759905751,48.851843323,0.0195673828125,0.5464404296875001,-0.0218759765625,0.8679004311561584,0.247452974319458,-0.3947044014930725,0.17240746319293976
2,1773181780857846765,48.949784337,0.042900390625,0.48847802734375,-0.00765264892578125,0.8991406559944153,0.007681459188461304,-0.43447738885879517,-0.05212106555700302
2,1773181780953496670,49.045434242,0.045250244140625,0.48549804687500003,-0.00024456787109375,0.9089087247848511,-0.0009310953319072723,-0.41620323061943054,0.025671057403087616
2,1773181781050550846,49.142488418,0.0437724609375,0.48047460937500003,0.0059613037109375,0.8988187313079834,0.02767084166407585,-0.43680310249328613,-0.02371297776699066
2,1773181781146515815,49.238453387,0.05818603515625,0.495515625,0.00731744384765625,0.89118891954422,0.015674766153097153,-0.4525088667869568,-0.027792885899543762
2,1773181781243412834,49.335350406,0.0460067138671875,0.49598876953125,-0.009128601074218751,0.9033806324005127,-0.010159892961382866,-0.4284294545650482,-0.015766605734825134
2,1773181781340267666,49.432205238,0.04622119140625,0.494597900390625,-0.033990539550781254,0.9113646745681763,-0.0017394162714481354,-0.41136622428894043,-0.013761922717094421
2,1773181781436381996,49.528319568,0.046595458984375,0.494466796875,-0.0112938232421875,0.9025577902793884,-8.702464401721954e-05,-0.4305434226989746,-0.004679374396800995
2,1773181781629669848,49.72160742,0.045257568359375,0.49343750000000003,-0.01207757568359375,0.9078876376152039,-0.0031986255198717117,-0.41776010394096375,-0.03473370522260666
2,1773181781726451590,49.818389162,0.050344970703125,0.49770361328125,-0.00931585693359375,0.8996691703796387,0.024011358618736267,-0.4357301592826843,0.012583062052726746
2,1773181781822731442,49.914669014,0.038125244140625,0.498978515625,0.014990539550781251,0.9075524806976318,0.09172143042087555,-0.40323275327682495,0.07306879758834839
2,1773181781919107724,50.011045296,0.049807861328125,0.49264794921875,-0.027570068359375,0.9050230979919434,0.00019364617764949799,-0.4244295060634613,0.028156191110610962
2,1773181782015916198,50.10785377,0.0426259765625,0.48089306640625,0.00974468994140625,0.9055343270301819,0.007017580792307854,-0.4242076277732849,0.0025125890970230103
2,1773181782111854208,50.20379178,0.0492763671875,0.490978515625,0.00038507080078125,0.9116948246955872,-0.0014633312821388245,-0.4104756712913513,-0.01789611577987671
2,1773181782208940151,50.300877723,0.04939404296875,0.49191845703125003,0.00699993896484375,0.8941971063613892,0.08225809782743454,-0.43891704082489014,0.03157834708690643
2,1773181782305621699,50.397559271,0.052221923828125,0.495834716796875,-0.0204395751953125,0.9190315008163452,0.007181914523243904,-0.3940812647342682,-0.005446717143058777
2,1773181782401684931,50.493622503,0.048133666992187504,0.49642919921875,-0.01153863525390625,0.9078713655471802,-0.007042396813631058,-0.4190939962863922,-0.008966132998466492
2,1773181782498321688,50.59025926,0.046263671875,0.47838061523437503,0.00412274169921875,0.9043983221054077,0.014375079423189163,-0.4253809452056885,-0.030138187110424042
2,1773181782595610719,50.687548291,0.0404451904296875,0.48652172851562503,0.00073736572265625,0.8976074457168579,-0.002419721335172653,-0.43888163566589355,-0.04096598923206329
2,1773181782788413853,50.880351425,0.07357958984375,0.48412011718750003,-0.01678900146484375,0.8806096911430359,-0.009466789662837982,-0.47370681166648865,0.00624074786901474
2,1773181782885377081,50.977314653,0.028682861328125,0.4659921875,0.06222198486328125,0.874208927154541,0.01629880629479885,-0.4852716326713562,-0.002191990613937378
2,1773181783077886413,51.169823985,0.0489310302734375,0.47598095703125,0.03261492919921875,0.9071084856987,0.008490834385156631,-0.4208112359046936,7.1749091148376465e-06
2,1773181783271091958,51.36302953,0.0442490234375,0.473077880859375,0.04625738525390625,0.9011832475662231,0.014784108847379684,-0.4315773844718933,-0.03730011731386185
2,1773181783464245590,51.556183162,0.0434273681640625,0.488848876953125,0.02115301513671875,0.8944399356842041,0.020580237731337547,-0.44647690653800964,0.014567375183105469
2,1773181783560584398,51.65252197,0.038612060546875,0.485283935546875,-0.00665521240234375,0.9122280478477478,-0.02190905436873436,-0.4068146347999573,0.04314946383237839
2,1773181783851096504,51.943034076,0.059381469726562504,0.482919921875,0.023108642578125,0.912501335144043,-0.009009987115859985,-0.4089006185531616,0.007785111665725708
2,1773181783947404992,52.039342564,0.0415181884765625,0.486907470703125,0.01498419189453125,0.9171808362007141,-0.005682477727532387,-0.39749300479888916,0.027320921421051025
2,1773181784043516127,52.135453699,0.0548282470703125,0.500873779296875,-0.00988653564453125,0.9119358062744141,0.011420365422964096,-0.4088369905948639,-0.03309140354394913
2,1773181784139598156,52.231535728,0.0251949462890625,0.524339111328125,0.026864929199218752,0.8609058260917664,0.24184934794902802,-0.4335279166698456,0.11137145757675171
2,1773181784236807367,52.328744939,0.0236480712890625,0.43567626953125,0.05568963623046875,0.8352087736129761,-0.01410648226737976,-0.5337738990783691,-0.13157778978347778
2,1773181784429337624,52.521275196,0.024824462890625,0.43912060546875004,0.05297332763671875,0.8401458263397217,-0.01680368185043335,-0.5300215482711792,-0.11379735171794891
2,1773181784526424922,52.618362494,0.0400069580078125,0.49276611328125003,0.00710150146484375,0.9142817854881287,-0.001753227785229683,-0.4050405025482178,-0.005295701324939728
2,1773181784622544640,52.714482212,0.044130004882812504,0.4857177734375,0.00824847412109375,0.9085010886192322,0.00742771290242672,-0.4174783229827881,0.016810961067676544
2,1773181784719882474,52.811820046,0.050855712890625,0.4844267578125,0.005198486328125,0.9066709280014038,0.0027679484337568283,-0.4214179515838623,0.018634304404258728
2,1773181784815928526,52.907866098,0.042184814453125004,0.49338818359375003,-0.01210308837890625,0.9112792611122131,0.013586650602519512,-0.4115404486656189,-0.004483163356781006
2,1773181784912053835,53.003991407,0.049121093750000004,0.47870434570312503,0.03443841552734375,0.9168028831481934,0.03405650705099106,-0.39732059836387634,-0.021188586950302124
2,1773181785009144981,53.101082553,0.0453851318359375,0.491698974609375,0.00241265869140625,0.9036452174186707,0.02791954018175602,-0.4270491898059845,0.016580671072006226
2,1773181785105628705,53.197566277,0.051477416992187504,0.476783447265625,0.05069720458984375,0.8956435918807983,0.02624555304646492,-0.443732351064682,0.015338949859142303
2,1773181785201856116,53.293793688,0.044385986328125,0.48854931640625,0.008179626464843751,0.9119523763656616,-0.0007389616221189499,-0.40976834297180176,0.020791634917259216
2,1773181785298420887,53.390358459,0.060734497070312504,0.46338208007812504,0.04885491943359375,0.899335503578186,0.010215511545538902,-0.43712666630744934,-0.003381483256816864
2,1773181785394941403,53.486878975,0.046359252929687504,0.4841416015625,0.0085880126953125,0.903608500957489,0.0013518258929252625,-0.42832469940185547,-0.005287662148475647
2,1773181785491509531,53.583447103,0.078373046875,0.462488525390625,-0.00110028076171875,0.8734645843505859,-0.051135145127773285,-0.48060059547424316,0.05889028310775757
2,1773181785684941461,53.776879033,0.0473614501953125,0.49069311523437503,-0.00026239013671875,0.914391279220581,-0.00517282634973526,-0.4047892689704895,-0.0027782991528511047
2,1773181785781305003,53.873242575,0.0475084228515625,0.48068505859375,0.01136663818359375,0.9087831377983093,0.005226053297519684,-0.417222261428833,0.0033999457955360413
2,1773181785877984636,53.969922208,0.047054443359375,0.484949951171875,-0.00184490966796875,0.9121881723403931,-0.004354754462838173,-0.4085511863231659,0.03130315616726875
2,1773181785974745225,54.066682797,0.0814970703125,0.46799755859375003,-0.00158074951171875,0.8702795505523682,-0.0374743714928627,-0.4898820221424103,0.034997448325157166
2,1773181786070810926,54.162748498,0.0450924072265625,0.48353955078125,0.01240179443359375,0.9034950733184814,-0.0021760035306215286,-0.4284929037094116,-0.009268499910831451
2,1773181786167646493,54.259584065,0.0474986572265625,0.49526513671875,-0.0018403930664062501,0.9071749448776245,0.0021972395479679108,-0.4207409918308258,-0.002432510256767273
2,1773181786264818812,54.356756384,0.0483912353515625,0.46943310546875,0.03160528564453125,0.911322832107544,0.014105485752224922,-0.41144710779190063,0.0017752274870872498
2,1773181786360537416,54.452474988,0.045325195312500004,0.494298583984375,0.00099346923828125,0.8989386558532715,0.0265220757573843,-0.43629419803619385,0.02921082079410553
2,1773181786457494561,54.549432133,0.062062622070312504,0.46100390625,0.0558126220703125,0.9111412763595581,0.02709653414785862,-0.4106239974498749,-0.02180110663175583
2,1773181786554413639,54.646351211,0.043907470703125,0.485722900390625,0.00581011962890625,0.9073560833930969,-0.0038411058485507965,-0.4201144576072693,0.013933151960372925
2,1773181786650397184,54.742334756,0.047490478515625004,0.49001464843750003,0.00586944580078125,0.9062564969062805,0.01781610958278179,-0.421625554561615,0.024772346019744873
2,1773181786747145300,54.839082872,0.04394140625,0.487985107421875,0.0271728515625,0.895784854888916,0.028168953955173492,-0.443351149559021,0.014694683253765106
2,1773181786843400952,54.935338524,0.04116357421875,0.48915527343750004,0.00763616943359375,0.9068465232849121,0.011167194694280624,-0.4208507239818573,0.019729822874069214
2,1773181787039612723,55.131550295,0.004801513671875,0.48565966796875,-0.00133721923828125,-0.9586695432662964,-0.022243229672312737,0.27951768040657043,-0.04824858903884888
2,1773181787133857319,55.225794891,0.051505859375000004,0.4899541015625,-0.02067236328125,0.9069122076034546,0.00538259744644165,-0.4212290048599243,-0.0068895891308784485
2,1773181787230428454,55.322366026,0.040365478515625004,0.475767333984375,0.012240661621093751,0.920069694519043,0.0292612686753273,-0.38607627153396606,0.059671591967344284
2,1773181787326343770,55.418281342,0.04732763671875,0.487376708984375,0.004285888671875,0.9156736731529236,-0.012228226289153099,-0.4017030894756317,0.005184270441532135
2,1773181787424655637,55.516593209,0.0414530029296875,0.48544189453125003,0.0084752197265625,0.9101645946502686,0.005926806479692459,-0.4142017662525177,-0.0014995038509368896
2,1773181787519720907,55.611658479,0.050597412109375,0.46552783203125003,0.054156982421875,0.8965401649475098,0.00940730981528759,-0.4428224563598633,0.005972698330879211
2,1773181787616877666,55.708815238,0.0435250244140625,0.48902636718750003,0.01070281982421875,0.9074997901916504,0.014193469658493996,-0.4196591377258301,0.011357739567756653
2,1773181787713258620,55.805196192,0.05037451171875,0.49087890625,-0.0209864501953125,0.9106550216674805,0.0008649509400129318,-0.41125383973121643,-0.03971303254365921
2,1773181787809855371,55.901792943,0.0435230712890625,0.4867431640625,0.01252325439453125,0.9082272052764893,0.006455712020397186,-0.4183991551399231,0.004881598055362701
2,1773181787906212531,55.998150103,0.0473248291015625,0.47367626953125,0.03737823486328125,0.8997106552124023,0.010709473863244057,-0.43529200553894043,0.030446559190750122
2,1773181788003194014,56.095131586,0.02433154296875,0.45480029296875,0.04426171875,0.8722761869430542,0.010789187625050545,-0.4884966015815735,-0.019722819328308105
2,1773181788099118048,56.19105562,0.040431640625,0.45349462890625003,0.04326080322265625,0.8988462090492249,0.0315738283097744,-0.432351678609848,-0.06442485749721527
2,1773181788196249017,56.288186589,0.048904541015625004,0.478263671875,0.02863653564453125,0.910484790802002,0.042998217046260834,-0.41065287590026855,-0.02308608591556549
2,1773181788293018239,56.384955811,0.048273925781250004,0.45234667968750003,0.05556243896484375,0.893778383731842,-0.04590374231338501,-0.44293248653411865,-0.05351599305868149
2,1773181788389567204,56.481504776,0.0394420166015625,0.48537890625,0.01707550048828125,0.8984972238540649,0.0065425243228673935,-0.4383724331855774,0.022128798067569733
2,1773181788485740195,56.577677767,0.043093994140625,0.4852314453125,0.0095677490234375,0.9110931158065796,-0.0035523325204849243,-0.41098538041114807,0.03143127262592316
2,1773181788582904900,56.674842472,0.044910888671875,0.48073779296875,0.005755615234375,0.9156707525253296,-0.0023760944604873657,-0.4018990397453308,0.004323221743106842
2,1773181788678644589,56.770582161,0.045372314453125,0.48552294921875,0.0003548583984375,0.9099375605583191,0.00617026723921299,-0.41468021273612976,0.004005268216133118
2,1773181788775414486,56.867352058,0.059954833984375004,0.48233813476562504,-0.023747131347656252,0.8962674736976624,-0.021969275549054146,-0.4424247741699219,-0.021963834762573242
2,1773181788872218611,56.964156183,0.0440968017578125,0.48809130859375,-0.000630126953125,0.9047280550003052,-0.016309117898344994,-0.42567673325538635,-0.0008215680718421936
2,1773181788968688305,57.060625877,0.0532374267578125,0.495903564453125,-0.0091285400390625,0.9067628979682922,-0.0035670045763254166,-0.4215194284915924,-0.009474523365497589
2,1773181789065211588,57.15714916,0.04575732421875,0.4785078125,0.00979229736328125,0.9126770496368408,-0.009023010730743408,-0.40854063630104065,0.005808092653751373
2,1773181789213584706,57.305522278,0.045619873046875,0.49265234375,-0.010270446777343751,0.915441632270813,0.0037601832300424576,-0.4021282196044922,0.01567050814628601
2,1773181789258033545,57.349971117,0.049274169921875,0.500758056640625,-0.02024688720703125,0.8842678070068359,0.058907024562358856,-0.4590849280357361,0.061981044709682465
2,1773181789355001605,57.446939177,0.053440673828125,0.47129443359375,0.01990338134765625,0.8886493444442749,0.032501719892024994,-0.45741698145866394,0.003964059054851532
2,1773181789452000371,57.543937943,0.0545181884765625,0.467564208984375,0.0452254638671875,0.8950295448303223,-0.018837276846170425,-0.4452103078365326,0.01884479820728302
2,1773181789548269721,57.640207293,0.0594942626953125,0.48086279296875,-0.02489764404296875,0.9322174787521362,0.018486490473151207,-0.3613855242729187,-0.005431272089481354
2,1773181789646104870,57.738042442,0.0438299560546875,0.498847412109375,-0.01594561767578125,0.9007794857025146,0.05788184702396393,-0.4266258776187897,0.05689186602830887
2,1773181789741847179,57.833784751,0.0456453857421875,0.494967529296875,-0.01207379150390625,0.9065747261047363,-0.022308392450213432,-0.42118313908576965,-0.015148498117923737
2,1773181789837875502,57.929813074,0.0435816650390625,0.484553955078125,0.00669293212890625,0.9077865481376648,-0.0004708990454673767,-0.41921213269233704,0.013590395450592041
2,1773181790031438591,58.123376163,0.04381494140625,0.4878359375,0.02729327392578125,0.895919680595398,0.02798435464501381,-0.4430544674396515,0.015736959874629974
